Code,Year,Recode,Split,Merge
0101,2019,3001,,
0104,2019,,,3002/0104;0136
0105,2019,3003,,
0106,2019,3004,,
0111,2019,3011,,
0118,2019,3012,,
0119,2019,3013,,
0121,2019,,,3026/0121;0221
0122,2019,,,3014/0122;0123;0124;0125;0138
0123,2019,,,3014/0122;0123;0124;0125;0138
0124,2019,,,3014/0122;0123;0124;0125;0138
0125,2019,,,3014/0122;0123;0124;0125;0138
0127,2019,3015,,
0128,2019,3016,,
0135,2019,3017,,
0136,2019,,,3002/0104;0136
0137,2019,3018,,
0138,2019,,,3014/0122;0123;0124;0125;0138
0211,2019,3019,,
0213,2019,,,3020/0213;0217
0214,2019,3021,,
0215,2019,3022,,
0216,2019,3023,,
0217,2019,,,3020/0213;0217
0219,2019,3024,,
0220,2019,,,3025/0220;0627;0628
0221,2019,,,3026/0121;0221
0226,2019,,,3030/0226;0227;0231
0227,2019,,,3030/0226;0227;0231
0228,2019,3027,,
0229,2019,3028,,
0230,2019,3029,,
0231,2019,,,3030/0226;0227;0231
0233,2019,3031,,
0234,2019,3032,,
0235,2019,3033,,
0236,2019,3034,,
0237,2019,3035,,
0238,2019,3036,,
0239,2019,3037,,
0402,2019,3401,,
0403,2019,3403,,
0412,2019,3411,,
0415,2019,3412,,
0417,2019,3413,,
0418,2019,3414,,
0419,2019,3415,,
0420,2019,3416,,
0423,2019,3417,,
0425,2019,3418,,
0426,2019,3419,,
0427,2019,3420,,
0428,2019,3421,,
0429,2019,3422,,
0430,2019,3423,,
0432,2019,3424,,
0434,2019,3425,,
0436,2019,3426,,
0437,2019,3427,,
0438,2019,3428,,
0439,2019,3429,,
0441,2019,3430,,
0501,2019,3405,,
0502,2019,3407,,
0511,2019,3431,,
0512,2019,3432,,
0513,2019,3433,,
0514,2019,3434,,
0515,2019,3435,,
0516,2019,3436,,
0517,2019,3437,,
0519,2019,3438,,
0520,2019,3439,,
0521,2019,3440,,
0522,2019,3441,,
0528,2019,3442,,
0529,2019,3443,,
0532,2019,3053,,
0533,2019,3054,,
0534,2019,3446,,
0536,2019,3447,,
0538,2019,3448,,
0540,2019,3449,,
0541,2019,3450,,
0542,2019,3451,,
0543,2019,3452,,
0544,2019,3453,,
0545,2019,3454,,
0602,2019,,,3005/0602;0625;0711
0604,2019,3006,,
0605,2019,3007,,
0612,2019,3038,,
0615,2019,3039,,
0616,2019,3040,,
0617,2019,3041,,
0618,2019,3042,,
0619,2019,3043,,
0620,2019,3044,,
0621,2019,3045,,
0622,2019,3046,,
0623,2019,3047,,
0624,2019,3048,,
0625,2019,,,3005/0602;0625;0711
0626,2019,3049,,
0627,2019,,,3025/0220;0627;0628
0628,2019,,,3025/0220;0627;0628
0631,2019,3050,,
0632,2019,3051,,
0633,2019,3052,,
0701,2019,3801,,
0702,2017,,,0715/0702;0714
0704,2019,,,3803/0704;0716
0706,2016,,,0710/0706;0719;0720
0709,2017,,,0712/0709;0728
0710,2019,3804,,
0711,2019,,,3005/0602;0625;0711
0712,2019,3805,,
0713,2019,,,3802/0713;0715
0714,2017,,,0715/0702;0714
0715,2019,,,3802/0713;0715
0716,2019,,,3803/0704;0716
0719,2016,,,0710/0706;0719;0720
# CONFLICT: 0720 Stokke (2016) split between 0704 Tonsberg and 0710 Sandefjord.
# Masterlist remark: ~2200 people / 3 km2 went to 0704 Tonsberg, "det meste"
# (most) of Stokke went to 0710 Sandefjord -- 0710 is the confirmed larger
# share, not an arbitrary pick. This row only captures the merge into 0710;
# the ~2200-person 0704 side is not represented. See README "Known limitation".
0720,2016,,,0710/0706;0719;0720
0722,2017,,,0729/0722;0723
0723,2017,,,0729/0722;0723
0728,2017,,,0712/0709;0728
0729,2019,3811,,
0805,2019,3806,,
0806,2019,3807,,
0807,2019,3808,,
0811,2019,3812,,
0814,2019,3813,,
0815,2019,3814,,
0817,2019,3815,,
0819,2019,3816,,
0821,2019,,,3817/0821;0822
0822,2019,,,3817/0821;0822
0826,2019,3818,,
0827,2019,3819,,
0828,2019,3820,,
0829,2019,3821,,
0830,2019,3822,,
0831,2019,3823,,
0833,2019,3824,,
0834,2019,3825,,
0901,2019,4201,,
0904,2019,4202,,
0906,2019,4203,,
0911,2019,4211,,
0912,2019,4212,,
0914,2019,4213,,
0919,2019,4214,,
0926,2019,4215,,
0928,2019,4216,,
0929,2019,4217,,
0935,2019,4218,,
0937,2019,4219,,
0938,2019,4220,,
0940,2019,4221,,
0941,2019,4222,,
1001,2019,,,4204/1001;1017;1018
1002,2019,,,4205/1002;1021;1029
1003,2019,4206,,
1004,2019,4207,,
1014,2019,4223,,
1017,2019,,,4204/1001;1017;1018
1018,2019,,,4204/1001;1017;1018
1021,2019,,,4205/1002;1021;1029
1026,2019,4224,,
1027,2019,,,4225/1027;1032
1029,2019,,,4205/1002;1021;1029
1032,2019,,,4225/1027;1032
1034,2019,4226,,
1037,2019,4227,,
1046,2019,4228,,
1102,2019,,,1108/1102;1129
1129,2019,,,1108/1102;1129
1141,2019,,,1103/1103;1141;1142
1142,2019,,,1103/1103;1141;1142
1201,2019,4601,,
1211,2019,4611,,
1216,2019,4612,,
1219,2019,4613,,
1221,2019,4614,,
1222,2019,4615,,
1223,2019,4616,,
1224,2019,4617,,
1227,2019,,,4618/1227;1228;1231
1228,2019,,,4618/1227;1228;1231
1231,2019,,,4618/1227;1228;1231
1232,2019,4619,,
1233,2019,4620,,
1234,2019,,,4621/1234;1235
1235,2019,,,4621/1234;1235
1238,2019,4622,,
1241,2019,,,4624/1241;1243
1242,2019,4623,,
1243,2019,,,4624/1241;1243
1244,2019,4625,,
1245,2019,,,4626/1245;1246;1259
1246,2019,,,4626/1245;1246;1259
1247,2019,4627,,
1251,2019,4628,,
1252,2019,4629,,
1253,2019,4630,,
1256,2019,,,4631/1256;1260;1263
1259,2019,,,4626/1245;1246;1259
1260,2019,,,4631/1256;1260;1263
1263,2019,,,4631/1256;1260;1263
1264,2019,4632,,
1265,2019,4633,,
1266,2019,4634,,
1401,2019,,,4602/1401;1439
1411,2019,4635,,
1412,2019,4636,,
1413,2019,4637,,
1416,2019,4638,,
1417,2019,4639,,
1418,2019,,,4640/1418;1419;1420
1419,2019,,,4640/1418;1419;1420
1420,2019,,,4640/1418;1419;1420
1421,2019,4641,,
1422,2019,4642,,
1424,2019,4643,,
1426,2019,4644,,
1428,2019,4645,,
1429,2019,4646,,
1430,2019,,,4647/1430;1431;1432;1433
1431,2019,,,4647/1430;1431;1432;1433
1432,2019,,,4647/1430;1431;1432;1433
1433,2019,,,4647/1430;1431;1432;1433
1438,2019,4648,,
1439,2019,,,4602/1401;1439
1441,2019,,,4649/1441;1443
1443,2019,,,4649/1441;1443
1444,2019,,,1577/1444;1519
1445,2019,4650,,
1449,2019,4651,,
1502,2019,,,1506/1502;1543;1545
1504,2019,,,1507/1504;1523;1529;1534;1546
1507,2023,,1508;1580,
1519,2019,,,1577/1444;1519
1523,2019,,,1507/1504;1523;1529;1534;1546
1524,2019,,,1578/1524;1526
1526,2019,,,1578/1524;1526
1529,2019,,,1507/1504;1523;1529;1534;1546
1534,2019,,,1507/1504;1523;1529;1534;1546
1543,2019,,,1506/1502;1543;1545
1545,2019,,,1506/1502;1543;1545
1546,2019,,,1507/1504;1523;1529;1534;1546
1548,2019,,,1579/1548;1551
1551,2019,,,1579/1548;1551
1567,2018,5061,,
1571,2019,,,5055/1571;5011;5012
1601,2017,5001,,
1612,2017,5011,,
1613,2017,5012,,
1617,2017,5013,,
1620,2017,5014,,
1621,2017,5015,,
1622,2017,5016,,
1624,2017,,,5054/1624;1718
1627,2017,5017,,
1630,2017,5018,,
1632,2017,5019,,
1633,2017,5020,,
1634,2017,5021,,
1635,2017,5022,,
1636,2017,5023,,
1638,2017,5024,,
1640,2017,5025,,
1644,2017,5026,,
1648,2017,5027,,
1653,2017,5028,,
1657,2017,5029,,
1662,2017,5030,,
1663,2017,5031,,
1664,2017,5032,,
1665,2017,5033,,
1702,2017,5004,,
1703,2017,5005,,
1711,2017,5034,,
1714,2017,5035,,
1717,2017,5036,,
1718,2017,,,5054/1624;1718
1719,2017,5037,,
1721,2017,5038,,
1723,2011,,,1756/1723;1729
1724,2017,5039,,
1725,2017,5040,,
1729,2011,,,1756/1723;1729
1736,2017,5041,,
1738,2017,5042,,
1739,2017,5043,,
1740,2017,5044,,
1742,2017,5045,,
1743,2017,5046,,
1744,2017,5047,,
1748,2017,5048,,
1749,2017,5049,,
1750,2017,5050,,
1751,2017,5051,,
1755,2017,5052,,
1756,2017,5053,,
1805,2019,,,1806/1805;1850;1854
1849,2019,,,1875/1849;1850
# CONFLICT: 1850 Tysfjord - Divtasvuodna (2019) split between 1806 Narvik and
# 1875 Habmer - Hamaroy. This row only captures the merge into 1806; the 1875
# side is not represented (1849's own row is correspondingly missing 1850 as a
# co-source). See README "Known limitation".
1850,2019,,,1806/1805;1850;1854
1852,2019,,,5412/1852;1913
1854,2019,,,1806/1805;1850;1854
1901,2012,,,1903/1901;1915
1902,2019,5401,,
1903,2019,5402,,
1911,2019,5411,,
1913,2019,,,5412/1852;1913
1915,2012,,,1903/1901;1915
1917,2019,5413,,
1919,2019,5414,,
1920,2019,5415,,
1922,2019,5416,,
1923,2019,5417,,
1924,2019,5418,,
1925,2019,5419,,
1926,2019,5420,,
1927,2019,,,5421/1927;1928;1929;1931
1928,2019,,,5421/1927;1928;1929;1931
1929,2019,,,5421/1927;1928;1929;1931
1931,2019,,,5421/1927;1928;1929;1931
1933,2019,5422,,
1936,2019,5423,,
1938,2019,5424,,
1939,2019,5425,,
1940,2019,5426,,
1941,2019,5427,,
1942,2019,5428,,
1943,2019,5429,,
2002,2019,5404,,
2003,2019,5405,,
2004,2019,,,5406/2004;2017
2011,2019,5430,,
2012,2019,5403,,
2014,2019,5432,,
2015,2019,5433,,
2017,2019,,,5406/2004;2017
2018,2019,5434,,
2019,2019,5435,,
2020,2019,5436,,
2021,2019,5437,,
2022,2019,5438,,
2023,2019,5439,,
2024,2019,5440,,
2025,2019,5441,,
2027,2019,5442,,
2028,2019,5443,,
2030,2019,5444,,
3001,2023,3101,,
3002,2023,3103,,
3003,2023,3105,,
3004,2023,3107,,
3005,2023,3301,,
3006,2023,3303,,
3007,2023,3305,,
3011,2023,3110,,
3012,2023,3124,,
3013,2023,3122,,
3014,2023,3118,,
3015,2023,3116,,
3016,2023,3120,,
3017,2023,3112,,
3018,2023,3114,,
3019,2023,3216,,
3020,2023,3207,,
3021,2023,3218,,
3022,2023,3214,,
3023,2023,3212,,
3024,2023,3201,,
3025,2023,3203,,
3026,2023,3226,,
3027,2023,3224,,
3028,2023,3220,,
3029,2023,3222,,
3030,2023,3205,,
3031,2023,3232,,
3032,2023,3230,,
3033,2023,3209,,
3034,2023,3228,,
3035,2023,3240,,
3036,2023,3238,,
3037,2023,3242,,
3038,2023,3310,,
3039,2023,3320,,
3040,2023,3322,,
3041,2023,3324,,
3042,2023,3326,,
3043,2023,3328,,
3044,2023,3330,,
3045,2023,3332,,
3046,2023,3318,,
3047,2023,3316,,
3048,2023,3314,,
3049,2023,3312,,
3050,2023,3334,,
3051,2023,3336,,
3052,2023,3338,,
3053,2023,3236,,
3054,2023,3234,,
3801,2023,3901,,
3802,2023,3903,,
3803,2023,3905,,
3804,2023,3907,,
3805,2023,3909,,
3806,2023,4001,,
3807,2023,4003,,
3808,2023,4005,,
3811,2023,3911,,
3812,2023,4010,,
3813,2023,4012,,
3814,2023,4014,,
3815,2023,4016,,
3816,2023,4018,,
3817,2023,4020,,
3818,2023,4026,,
3819,2023,4024,,
3820,2023,4022,,
3821,2023,4028,,
3822,2023,4030,,
3823,2023,4032,,
3824,2023,4034,,
3825,2023,4036,,
5004,2019,,,5006/5004;5039
5005,2019,,,5007/5005;5040;5048
5011,2019,,,5055/1571;5011;5012
# CONFLICT: 5012 Snillfjord (2019) split three ways, into 5055 Heim, 5056 Hitra,
# and 5059 Orkland. This row only captures the merge into 5055; the 5056 and 5059
# sides are not represented (5013's and 5016/5023/5024's own rows are
# correspondingly missing 5012 as a co-source). See README "Known limitation".
5012,2019,,,5055/1571;5011;5012
5013,2019,,,5056/5012;5013
5015,2019,,,5057/5015;5017
5016,2019,,,5059/5012;5016;5023;5024
5017,2019,,,5057/5015;5017
5018,2019,,,5058/5018;5019
5019,2019,,,5058/5018;5019
5023,2019,,,5059/5012;5016;5023;5024
5024,2019,,,5059/5012;5016;5023;5024
5030,2019,,,5001/5001;5030
5039,2019,,,5006/5004;5039
5040,2019,,,5007/5005;5040;5048
5048,2019,,,5007/5005;5040;5048
5050,2019,,,5060/5050;5051
5051,2019,,,5060/5050;5051
5401,2023,5501,,
5402,2023,5503,,
5403,2023,5601,,
5404,2023,5634,,
5405,2023,5607,,
5406,2023,5603,,
5411,2023,5510,,
5412,2023,5512,,
5413,2023,5514,,
5414,2023,5516,,
5415,2023,5518,,
5416,2023,5520,,
5417,2023,5522,,
5418,2023,5524,,
5419,2023,5526,,
5420,2023,5528,,
5421,2023,5530,,
5422,2023,5532,,
5423,2023,5534,,
5424,2023,5536,,
5425,2023,5538,,
5426,2023,5540,,
5427,2023,5542,,
5428,2023,5544,,
5429,2023,5546,,
5430,2023,5612,,
5432,2023,5614,,
5433,2023,5616,,
5434,2023,5618,,
5435,2023,5620,,
5436,2023,5622,,
5437,2023,5610,,
5438,2023,5624,,
5439,2023,5626,,
5440,2023,5630,,
5441,2023,5628,,
5442,2023,5636,,
5443,2023,5632,,
5444,2023,5605,,
