Code	Year	Value
3101	2024	1139.0
3101	2025	1150.0
3103	2024	2529.0
3103	2025	2573.0
3105	2024	2577.0
3105	2025	2776.0
3107	2024	3740.0
3107	2025	3765.0
3110	2024	254.0
3110	2025	256.0
3112	2024	465.0
3112	2025	522.0
3114	2024	386.0
3114	2025	453.0
3116	2024	254.0
3116	2025	199.0
3118	2024	2293.0
3118	2025	2239.0
3120	2024	420.0
3120	2025	404.0
3122	2024	161.0
3122	2025	152.0
3124	2024	77.0
3124	2025	83.0
3201	2024	7237.0
3201	2025	7383.0
3203	2024	5712.0
3203	2025	5356.0
3205	2024	6458.0
3205	2025	6446.0
3207	2024	3718.0
3207	2025	3742.0
3209	2024	3510.0
3209	2025	3654.0
3212	2024	985.0
3212	2025	1130.0
3214	2024	905.0
3214	2025	928.0
3216	2024	1274.0
3216	2025	1306.0
3218	2024	2030.0
3218	2025	2068.0
3220	2024	665.0
3220	2025	802.0
3222	2024	4812.0
3222	2025	4898.0
3224	2024	1585.0
3224	2025	1790.0
3226	2024	834.0
3226	2025	897.0
3228	2024	1386.0
3228	2025	1388.0
3230	2024	496.0
3230	2025	459.0
3232	2024	1300.0
3232	2025	1290.0
3234	2024	476.0
3234	2025	495.0
3236	2024	292.0
3236	2025	321.0
3238	2024	1200.0
3238	2025	1125.0
3240	2024	1605.0
3240	2025	1767.0
3242	2024	188.0
3242	2025	214.0
3001	2020	1250.0
3001	2021	1266.0
3001	2022	1363.0
3001	2023	1245.0
3002	2020	2486.0
3002	2021	2722.0
3002	2022	2792.0
3002	2023	2625.0
3003	2020	2762.0
3003	2021	2863.0
3003	2022	2879.0
3003	2023	2857.0
3004	2020	4000.0
3004	2021	3994.0
3004	2022	3819.0
3004	2023	3799.0
3005	2020	4867.0
3005	2021	4897.0
3005	2022	4834.0
3005	2023	5059.0
3006	2020	1154.0
3006	2021	1328.0
3006	2022	1361.0
3006	2023	1325.0
3007	2020	1461.0
3007	2021	1495.0
3007	2022	1386.0
3007	2023	1424.0
3011	2020	303.0
3011	2021	288.0
3011	2022	252.0
3011	2023	293.0
3012	2020	68.0
3012	2021	73.0
3012	2022	77.0
3012	2023	72.0
3013	2020	190.0
3013	2021	173.0
3013	2022	197.0
3013	2023	156.0
3014	2020	2285.0
3014	2021	2427.0
3014	2022	2436.0
3014	2023	2332.0
3015	2020	214.0
3015	2021	237.0
3015	2022	224.0
3015	2023	265.0
3016	2020	375.0
3016	2021	483.0
3016	2022	440.0
3016	2023	407.0
3017	2020	489.0
3017	2021	494.0
3017	2022	443.0
3017	2023	430.0
3018	2020	499.0
3018	2021	482.0
3018	2022	393.0
3018	2023	414.0
3019	2020	1246.0
3019	2021	1297.0
3019	2022	1213.0
3019	2023	1260.0
3020	2020	3560.0
3020	2021	3840.0
3020	2022	3780.0
3020	2023	3865.0
3021	2020	1779.0
3021	2021	2020.0
3021	2022	2027.0
3021	2023	2208.0
3022	2020	947.0
3022	2021	952.0
3022	2022	879.0
3022	2023	856.0
3023	2020	1145.0
3023	2021	1043.0
3023	2022	1137.0
3023	2023	1045.0
3024	2020	7034.0
3024	2021	7451.0
3024	2022	6564.0
3024	2023	6993.0
3025	2020	5053.0
3025	2021	5642.0
3025	2022	5455.0
3025	2023	5188.0
3026	2020	999.0
3026	2021	903.0
3026	2022	874.0
3026	2023	810.0
3027	2020	1455.0
3027	2021	1655.0
3027	2022	1719.0
3027	2023	1719.0
3028	2020	572.0
3028	2021	754.0
3028	2022	746.0
3028	2023	672.0
3029	2020	4022.0
3029	2021	4718.0
3029	2022	4551.0
3029	2023	4373.0
3030	2020	6059.0
3030	2021	6960.0
3030	2022	6797.0
3030	2023	7059.0
3031	2020	1435.0
3031	2021	1625.0
3031	2022	1510.0
3031	2023	1636.0
3032	2020	558.0
3032	2021	502.0
3032	2022	677.0
3032	2023	502.0
3033	2020	3283.0
3033	2021	3583.0
3033	2022	3464.0
3033	2023	3224.0
3034	2020	1478.0
3034	2021	1578.0
3034	2022	1353.0
3034	2023	1493.0
3035	2020	1833.0
3035	2021	1874.0
3035	2022	1805.0
3035	2023	1747.0
3036	2020	1242.0
3036	2021	1192.0
3036	2022	1195.0
3036	2023	1283.0
3037	2020	181.0
3037	2021	230.0
3037	2022	179.0
3037	2023	174.0
3038	2020	348.0
3038	2021	399.0
3038	2022	344.0
3038	2023	443.0
3039	2020	62.0
3039	2021	51.0
3039	2022	61.0
3039	2023	81.0
3040	2020	105.0
3040	2021	147.0
3040	2022	124.0
3040	2023	106.0
3041	2020	204.0
3041	2021	274.0
3041	2022	287.0
3041	2023	213.0
3042	2020	123.0
3042	2021	123.0
3042	2022	146.0
3042	2023	142.0
3043	2020	151.0
3043	2021	205.0
3043	2022	214.0
3043	2023	246.0
3044	2020	189.0
3044	2021	207.0
3044	2022	222.0
3044	2023	234.0
3045	2020	129.0
3045	2021	139.0
3045	2022	127.0
3045	2023	186.0
3046	2020	101.0
3046	2021	78.0
3046	2022	107.0
3046	2023	117.0
3047	2020	614.0
3047	2021	713.0
3047	2022	682.0
3047	2023	614.0
3048	2020	1180.0
3048	2021	1127.0
3048	2022	1223.0
3048	2023	1166.0
3049	2020	1629.0
3049	2021	1797.0
3049	2022	1719.0
3049	2023	1669.0
3050	2020	132.0
3050	2021	126.0
3050	2022	161.0
3050	2023	171.0
3051	2020	59.0
3051	2021	38.0
3051	2022	58.0
3051	2023	68.0
3052	2020	66.0
3052	2021	89.0
3052	2022	115.0
3052	2023	102.0
3053	2020	363.0
3053	2021	384.0
3053	2022	366.0
3053	2023	358.0
3054	2020	473.0
3054	2021	500.0
3054	2022	519.0
3054	2023	497.0
0101	2011	1145.0
0101	2012	1159.0
0101	2013	1173.0
0101	2014	1213.0
0101	2015	1305.0
0101	2016	1208.0
0101	2017	1222.0
0101	2018	1257.0
0101	2019	1258.0
0104	2011	1785.0
0104	2012	1778.0
0104	2013	1957.0
0104	2014	2052.0
0104	2015	2084.0
0104	2016	1940.0
0104	2017	2093.0
0104	2018	1967.0
0104	2019	2172.0
0105	2011	2001.0
0105	2012	2045.0
0105	2013	2060.0
0105	2014	2178.0
0105	2015	2280.0
0105	2016	2266.0
0105	2017	2393.0
0105	2018	2497.0
0105	2019	2569.0
0106	2011	2992.0
0106	2012	3319.0
0106	2013	3203.0
0106	2014	3321.0
0106	2015	3446.0
0106	2016	3675.0
0106	2017	3709.0
0106	2018	3631.0
0106	2019	3751.0
0111	2011	314.0
0111	2012	323.0
0111	2013	317.0
0111	2014	337.0
0111	2015	340.0
0111	2016	309.0
0111	2017	332.0
0111	2018	354.0
0111	2019	333.0
0118	2011	66.0
0118	2012	64.0
0118	2013	57.0
0118	2014	60.0
0118	2015	84.0
0118	2016	71.0
0118	2017	71.0
0118	2018	66.0
0118	2019	40.0
0119	2011	176.0
0119	2012	177.0
0119	2013	163.0
0119	2014	163.0
0119	2015	166.0
0119	2016	166.0
0119	2017	157.0
0119	2018	203.0
0119	2019	156.0
0121	2011	41.0
0121	2012	23.0
0121	2013	12.0
0121	2014	37.0
0121	2015	30.0
0121	2016	22.0
0121	2017	25.0
0121	2018	16.0
0121	2019	18.0
0122	2011	321.0
0122	2012	295.0
0122	2013	332.0
0122	2014	308.0
0122	2015	301.0
0122	2016	330.0
0122	2017	338.0
0122	2018	360.0
0122	2019	382.0
0123	2011	316.0
0123	2012	405.0
0123	2013	398.0
0123	2014	367.0
0123	2015	419.0
0123	2016	470.0
0123	2017	419.0
0123	2018	483.0
0123	2019	478.0
0124	2011	897.0
0124	2012	873.0
0124	2013	890.0
0124	2014	934.0
0124	2015	891.0
0124	2016	890.0
0124	2017	927.0
0124	2018	897.0
0124	2019	866.0
0125	2011	638.0
0125	2012	614.0
0125	2013	680.0
0125	2014	651.0
0125	2015	703.0
0125	2016	648.0
0125	2017	660.0
0125	2018	667.0
0125	2019	746.0
0127	2011	234.0
0127	2012	248.0
0127	2013	256.0
0127	2014	207.0
0127	2015	219.0
0127	2016	220.0
0127	2017	266.0
0127	2018	206.0
0127	2019	214.0
0128	2011	386.0
0128	2012	433.0
0128	2013	417.0
0128	2014	413.0
0128	2015	438.0
0128	2016	434.0
0128	2017	408.0
0128	2018	400.0
0128	2019	406.0
0135	2011	377.0
0135	2012	386.0
0135	2013	411.0
0135	2014	493.0
0135	2015	535.0
0135	2016	428.0
0135	2017	448.0
0135	2018	452.0
0135	2019	415.0
0136	2011	972.0
0136	2012	1028.0
0136	2013	1021.0
0136	2014	996.0
0136	2015	1080.0
0136	2016	1084.0
0136	2017	1215.0
0136	2018	1101.0
0136	2019	1070.0
0137	2011	402.0
0137	2012	423.0
0137	2013	445.0
0137	2014	442.0
0137	2015	379.0
0137	2016	437.0
0137	2017	491.0
0137	2018	444.0
0137	2019	474.0
0138	2011	324.0
0138	2012	389.0
0138	2013	446.0
0138	2014	476.0
0138	2015	418.0
0138	2016	562.0
0138	2017	519.0
0138	2018	484.0
0138	2019	512.0
0211	2011	1106.0
0211	2012	1092.0
0211	2013	1046.0
0211	2014	1180.0
0211	2015	1272.0
0211	2016	1261.0
0211	2017	1204.0
0211	2018	1149.0
0211	2019	1065.0
0213	2011	1664.0
0213	2012	1680.0
0213	2013	1774.0
0213	2014	1759.0
0213	2015	1924.0
0213	2016	1885.0
0213	2017	1821.0
0213	2018	1785.0
0213	2019	2025.0
0214	2011	1401.0
0214	2012	1297.0
0214	2013	1464.0
0214	2014	1479.0
0214	2015	1638.0
0214	2016	1554.0
0214	2017	2108.0
0214	2018	1913.0
0214	2019	1860.0
0215	2011	976.0
0215	2012	956.0
0215	2013	859.0
0215	2014	770.0
0215	2015	901.0
0215	2016	845.0
0215	2017	910.0
0215	2018	850.0
0215	2019	902.0
0216	2011	1007.0
0216	2012	975.0
0216	2013	900.0
0216	2014	908.0
0216	2015	1031.0
0216	2016	1131.0
0216	2017	1254.0
0216	2018	1037.0
0216	2019	1003.0
0217	2011	1479.0
0217	2012	1563.0
0217	2013	1448.0
0217	2014	1404.0
0217	2015	1461.0
0217	2016	1509.0
0217	2017	1484.0
0217	2018	1615.0
0217	2019	1711.0
0219	2011	5727.0
0219	2012	6357.0
0219	2013	6511.0
0219	2014	6670.0
0219	2015	7007.0
0219	2016	6894.0
0219	2017	7220.0
0219	2018	6959.0
0219	2019	6505.0
0220	2011	3295.0
0220	2012	3360.0
0220	2013	3501.0
0220	2014	3503.0
0220	2015	3487.0
0220	2016	3540.0
0220	2017	3364.0
0220	2018	3690.0
0220	2019	3544.0
0221	2011	748.0
0221	2012	734.0
0221	2013	767.0
0221	2014	835.0
0221	2015	859.0
0221	2016	922.0
0221	2017	874.0
0221	2018	869.0
0221	2019	863.0
0226	2011	1186.0
0226	2012	1252.0
0226	2013	1413.0
0226	2014	1131.0
0226	2015	1328.0
0226	2016	1202.0
0226	2017	1346.0
0226	2018	1307.0
0226	2019	1247.0
0227	2011	769.0
0227	2012	844.0
0227	2013	768.0
0227	2014	731.0
0227	2015	840.0
0227	2016	758.0
0227	2017	759.0
0227	2018	933.0
0227	2019	736.0
0228	2011	1328.0
0228	2012	1349.0
0228	2013	1564.0
0228	2014	1498.0
0228	2015	1410.0
0228	2016	1415.0
0228	2017	1392.0
0228	2018	1409.0
0228	2019	1562.0
0229	2011	655.0
0229	2012	587.0
0229	2013	615.0
0229	2014	640.0
0229	2015	633.0
0229	2016	662.0
0229	2017	640.0
0229	2018	683.0
0229	2019	605.0
0230	2011	2285.0
0230	2012	2468.0
0230	2013	2474.0
0230	2014	2610.0
0230	2015	3225.0
0230	2016	3067.0
0230	2017	3575.0
0230	2018	3796.0
0230	2019	3612.0
0231	2011	3716.0
0231	2012	3771.0
0231	2013	3892.0
0231	2014	3861.0
0231	2015	3999.0
0231	2016	4007.0
0231	2017	4506.0
0231	2018	4712.0
0231	2019	4339.0
0233	2011	1176.0
0233	2012	1406.0
0233	2013	1312.0
0233	2014	1314.0
0233	2015	1268.0
0233	2016	1400.0
0233	2017	1490.0
0233	2018	1493.0
0233	2019	1294.0
0234	2011	408.0
0234	2012	448.0
0234	2013	401.0
0234	2014	370.0
0234	2015	352.0
0234	2016	557.0
0234	2017	545.0
0234	2018	498.0
0234	2019	498.0
0235	2011	2246.0
0235	2012	2168.0
0235	2013	2460.0
0235	2014	2524.0
0235	2015	2656.0
0235	2016	2754.0
0235	2017	3231.0
0235	2018	3530.0
0235	2019	3372.0
0236	2011	1138.0
0236	2012	1178.0
0236	2013	1294.0
0236	2014	1157.0
0236	2015	1417.0
0236	2016	1454.0
0236	2017	1367.0
0236	2018	1294.0
0236	2019	1451.0
0237	2011	1300.0
0237	2012	1359.0
0237	2013	1480.0
0237	2014	1469.0
0237	2015	1560.0
0237	2016	1617.0
0237	2017	1484.0
0237	2018	1530.0
0237	2019	1644.0
0238	2011	814.0
0238	2012	727.0
0238	2013	896.0
0238	2014	834.0
0238	2015	1070.0
0238	2016	1028.0
0238	2017	1267.0
0238	2018	1155.0
0238	2019	1201.0
0239	2011	143.0
0239	2012	133.0
0239	2013	165.0
0239	2014	181.0
0239	2015	246.0
0239	2016	198.0
0239	2017	209.0
0239	2018	193.0
0239	2019	185.0
0602	2011	3623.0
0602	2012	3816.0
0602	2013	3665.0
0602	2014	3862.0
0602	2015	4017.0
0602	2016	3885.0
0602	2017	4023.0
0602	2018	3901.0
0602	2019	4161.0
0604	2011	1024.0
0604	2012	1043.0
0604	2013	1121.0
0604	2014	1115.0
0604	2015	1207.0
0604	2016	1236.0
0604	2017	1320.0
0604	2018	1213.0
0604	2019	1269.0
0605	2011	1190.0
0605	2012	1242.0
0605	2013	1240.0
0605	2014	1232.0
0605	2015	1286.0
0605	2016	1361.0
0605	2017	1388.0
0605	2018	1308.0
0605	2019	1366.0
0612	2011	385.0
0612	2012	408.0
0612	2013	471.0
0612	2014	461.0
0612	2015	450.0
0612	2016	398.0
0612	2017	382.0
0612	2018	393.0
0612	2019	318.0
0615	2011	63.0
0615	2012	57.0
0615	2013	43.0
0615	2014	40.0
0615	2015	60.0
0615	2016	35.0
0615	2017	54.0
0615	2018	32.0
0615	2019	42.0
0616	2011	140.0
0616	2012	110.0
0616	2013	110.0
0616	2014	112.0
0616	2015	169.0
0616	2016	97.0
0616	2017	127.0
0616	2018	94.0
0616	2019	79.0
0617	2011	160.0
0617	2012	223.0
0617	2013	174.0
0617	2014	172.0
0617	2015	184.0
0617	2016	215.0
0617	2017	213.0
0617	2018	208.0
0617	2019	223.0
0618	2011	109.0
0618	2012	79.0
0618	2013	121.0
0618	2014	129.0
0618	2015	115.0
0618	2016	114.0
0618	2017	117.0
0618	2018	107.0
0618	2019	111.0
0619	2011	149.0
0619	2012	171.0
0619	2013	143.0
0619	2014	155.0
0619	2015	149.0
0619	2016	152.0
0619	2017	123.0
0619	2018	203.0
0619	2019	181.0
0620	2011	156.0
0620	2012	182.0
0620	2013	184.0
0620	2014	176.0
0620	2015	202.0
0620	2016	195.0
0620	2017	159.0
0620	2018	158.0
0620	2019	157.0
0621	2011	116.0
0621	2012	94.0
0621	2013	121.0
0621	2014	146.0
0621	2015	113.0
0621	2016	132.0
0621	2017	122.0
0621	2018	120.0
0621	2019	118.0
0622	2011	94.0
0622	2012	96.0
0622	2013	99.0
0622	2014	81.0
0622	2015	77.0
0622	2016	87.0
0622	2017	106.0
0622	2018	81.0
0622	2019	78.0
0623	2011	612.0
0623	2012	630.0
0623	2013	689.0
0623	2014	572.0
0623	2015	668.0
0623	2016	526.0
0623	2017	601.0
0623	2018	660.0
0623	2019	609.0
0624	2011	995.0
0624	2012	1025.0
0624	2013	961.0
0624	2014	958.0
0624	2015	1017.0
0624	2016	1253.0
0624	2017	1154.0
0624	2018	1080.0
0624	2019	1175.0
0625	2011	1301.0
0625	2012	1537.0
0625	2013	1364.0
0625	2014	1486.0
0625	2015	1532.0
0625	2016	1618.0
0625	2017	1522.0
0625	2018	1564.0
0625	2019	1586.0
0626	2011	1521.0
0626	2012	1567.0
0626	2013	1522.0
0626	2014	1403.0
0626	2015	1535.0
0626	2016	1415.0
0626	2017	1475.0
0626	2018	1649.0
0626	2019	1664.0
0627	2011	1270.0
0627	2012	1394.0
0627	2013	1397.0
0627	2014	1278.0
0627	2015	1415.0
0627	2016	1426.0
0627	2017	1508.0
0627	2018	1226.0
0627	2019	1265.0
0628	2011	492.0
0628	2012	563.0
0628	2013	491.0
0628	2014	502.0
0628	2015	551.0
0628	2016	542.0
0628	2017	475.0
0628	2018	574.0
0628	2019	575.0
0631	2011	156.0
0631	2012	131.0
0631	2013	124.0
0631	2014	135.0
0631	2015	131.0
0631	2016	150.0
0631	2017	115.0
0631	2018	141.0
0631	2019	122.0
0632	2011	58.0
0632	2012	39.0
0632	2013	58.0
0632	2014	73.0
0632	2015	63.0
0632	2016	54.0
0632	2017	69.0
0632	2018	56.0
0632	2019	69.0
0633	2011	78.0
0633	2012	66.0
0633	2013	87.0
0633	2014	69.0
0633	2015	95.0
0633	2016	73.0
0633	2017	68.0
0633	2018	54.0
0633	2019	72.0
0301	2011	28214.0
0301	2012	28698.0
0301	2013	28840.0
0301	2014	29590.0
0301	2015	31560.0
0301	2016	30604.0
0301	2017	30883.0
0301	2018	31404.0
0301	2019	32930.0
0301	2020	33318.0
0301	2021	33455.0
0301	2022	32148.0
0301	2023	33606.0
0301	2024	31584.0
0301	2025	31533.0
3301	2024	4888.0
3301	2025	4753.0
3303	2024	1466.0
3303	2025	1400.0
3305	2024	1374.0
3305	2025	1420.0
3310	2024	418.0
3310	2025	519.0
3312	2024	1467.0
3312	2025	1536.0
3314	2024	984.0
3314	2025	1095.0
3316	2024	580.0
3316	2025	670.0
3318	2024	100.0
3318	2025	95.0
3320	2024	67.0
3320	2025	47.0
3322	2024	102.0
3322	2025	96.0
3324	2024	201.0
3324	2025	248.0
3326	2024	146.0
3326	2025	139.0
3328	2024	196.0
3328	2025	187.0
3330	2024	230.0
3330	2025	174.0
3332	2024	146.0
3332	2025	144.0
3334	2024	164.0
3334	2025	165.0
3336	2024	64.0
3336	2025	88.0
3338	2024	81.0
3338	2025	111.0
3401	2020	851.0
3401	2021	950.0
3401	2022	817.0
3401	2023	879.0
3401	2024	829.0
3401	2025	824.0
3403	2020	2144.0
3403	2021	2152.0
3403	2022	2053.0
3403	2023	1995.0
3403	2024	2231.0
3403	2025	2169.0
3405	2020	1695.0
3405	2021	1705.0
3405	2022	1637.0
3405	2023	1692.0
3405	2024	1637.0
3405	2025	2029.0
3407	2020	1524.0
3407	2021	1707.0
3407	2022	1774.0
3407	2023	1795.0
3407	2024	1810.0
3407	2025	1758.0
3411	2020	1503.0
3411	2021	1563.0
3411	2022	1529.0
3411	2023	1487.0
3411	2024	1447.0
3411	2025	1562.0
3412	2020	352.0
3412	2021	421.0
3412	2022	426.0
3412	2023	361.0
3412	2024	345.0
3412	2025	390.0
3413	2020	1103.0
3413	2021	1092.0
3413	2022	1075.0
3413	2023	1091.0
3413	2024	1061.0
3413	2025	1145.0
3414	2020	232.0
3414	2021	202.0
3414	2022	249.0
3414	2023	220.0
3414	2024	212.0
3414	2025	223.0
3415	2020	420.0
3415	2021	393.0
3415	2022	419.0
3415	2023	420.0
3415	2024	417.0
3415	2025	461.0
3416	2020	299.0
3416	2021	244.0
3416	2022	275.0
3416	2023	297.0
3416	2024	288.0
3416	2025	321.0
3417	2020	187.0
3417	2021	226.0
3417	2022	229.0
3417	2023	220.0
3417	2024	210.0
3417	2025	231.0
3418	2020	351.0
3418	2021	320.0
3418	2022	349.0
3418	2023	345.0
3418	2024	301.0
3418	2025	325.0
3419	2020	194.0
3419	2021	159.0
3419	2022	157.0
3419	2023	180.0
3419	2024	147.0
3419	2025	200.0
3420	2020	1070.0
3420	2021	1104.0
3420	2022	1076.0
3420	2023	1091.0
3420	2024	1053.0
3420	2025	1070.0
3421	2020	169.0
3421	2021	256.0
3421	2022	216.0
3421	2023	224.0
3421	2024	211.0
3421	2025	176.0
3422	2020	389.0
3422	2021	332.0
3422	2022	368.0
3422	2023	341.0
3422	2024	308.0
3422	2025	321.0
3423	2020	124.0
3423	2021	117.0
3423	2022	102.0
3423	2023	119.0
3423	2024	109.0
3423	2025	132.0
3424	2020	73.0
3424	2021	91.0
3424	2022	112.0
3424	2023	127.0
3424	2024	89.0
3424	2025	79.0
3425	2020	49.0
3425	2021	63.0
3425	2022	44.0
3425	2023	62.0
3425	2024	46.0
3425	2025	41.0
3426	2020	49.0
3426	2021	56.0
3426	2022	75.0
3426	2023	87.0
3426	2024	75.0
3426	2025	61.0
3427	2020	218.0
3427	2021	248.0
3427	2022	270.0
3427	2023	250.0
3427	2024	269.0
3427	2025	265.0
3428	2020	87.0
3428	2021	93.0
3428	2022	121.0
3428	2023	126.0
3428	2024	75.0
3428	2025	96.0
3429	2020	57.0
3429	2021	68.0
3429	2022	71.0
3429	2023	83.0
3429	2024	79.0
3429	2025	61.0
3430	2020	82.0
3430	2021	65.0
3430	2022	73.0
3430	2023	91.0
3430	2024	89.0
3430	2025	66.0
3431	2020	87.0
3431	2021	81.0
3431	2022	88.0
3431	2023	122.0
3431	2024	108.0
3431	2025	104.0
3432	2020	71.0
3432	2021	64.0
3432	2022	58.0
3432	2023	57.0
3432	2024	75.0
3432	2025	54.0
3433	2020	66.0
3433	2021	65.0
3433	2022	54.0
3433	2023	65.0
3433	2024	102.0
3433	2025	63.0
3434	2020	74.0
3434	2021	69.0
3434	2022	76.0
3434	2023	80.0
3434	2024	75.0
3434	2025	83.0
3435	2020	109.0
3435	2021	116.0
3435	2022	70.0
3435	2023	131.0
3435	2024	118.0
3435	2025	124.0
3436	2020	188.0
3436	2021	183.0
3436	2022	185.0
3436	2023	188.0
3436	2024	224.0
3436	2025	171.0
3437	2020	175.0
3437	2021	149.0
3437	2022	163.0
3437	2023	173.0
3437	2024	199.0
3437	2025	161.0
3438	2020	92.0
3438	2021	138.0
3438	2022	115.0
3438	2023	122.0
3438	2024	118.0
3438	2025	107.0
3439	2020	156.0
3439	2021	161.0
3439	2022	148.0
3439	2023	196.0
3439	2024	182.0
3439	2025	158.0
3440	2020	230.0
3440	2021	226.0
3440	2022	237.0
3440	2023	220.0
3440	2024	211.0
3440	2025	216.0
3441	2020	194.0
3441	2021	271.0
3441	2022	256.0
3441	2023	262.0
3441	2024	209.0
3441	2025	239.0
3442	2020	519.0
3442	2021	563.0
3442	2022	596.0
3442	2023	550.0
3442	2024	614.0
3442	2025	702.0
3443	2020	657.0
3443	2021	704.0
3443	2022	683.0
3443	2023	709.0
3443	2024	624.0
3443	2025	642.0
3446	2020	544.0
3446	2021	510.0
3446	2022	549.0
3446	2023	625.0
3446	2024	588.0
3446	2025	578.0
3447	2020	271.0
3447	2021	273.0
3447	2022	269.0
3447	2023	236.0
3447	2024	270.0
3447	2025	271.0
3448	2020	242.0
3448	2021	268.0
3448	2022	239.0
3448	2023	279.0
3448	2024	287.0
3448	2025	237.0
3449	2020	121.0
3449	2021	135.0
3449	2022	104.0
3449	2023	121.0
3449	2024	137.0
3449	2025	129.0
3450	2020	54.0
3450	2021	84.0
3450	2022	66.0
3450	2023	48.0
3450	2024	58.0
3450	2025	60.0
3451	2020	223.0
3451	2021	242.0
3451	2022	290.0
3451	2023	295.0
3451	2024	258.0
3451	2025	210.0
3452	2020	117.0
3452	2021	102.0
3452	2022	103.0
3452	2023	123.0
3452	2024	126.0
3452	2025	141.0
3453	2020	130.0
3453	2021	136.0
3453	2022	160.0
3453	2023	185.0
3453	2024	143.0
3453	2025	151.0
3454	2020	79.0
3454	2021	88.0
3454	2022	72.0
3454	2023	77.0
3454	2024	70.0
3454	2025	75.0
0402	2011	841.0
0402	2012	879.0
0402	2013	904.0
0402	2014	847.0
0402	2015	841.0
0402	2016	883.0
0402	2017	904.0
0402	2018	771.0
0402	2019	811.0
0403	2011	1697.0
0403	2012	1581.0
0403	2013	1692.0
0403	2014	1790.0
0403	2015	1901.0
0403	2016	1894.0
0403	2017	1951.0
0403	2018	1959.0
0403	2019	1969.0
0412	2011	1223.0
0412	2012	1182.0
0412	2013	1135.0
0412	2014	1156.0
0412	2015	1211.0
0412	2016	1308.0
0412	2017	1407.0
0412	2018	1490.0
0412	2019	1448.0
0415	2011	432.0
0415	2012	383.0
0415	2013	359.0
0415	2014	371.0
0415	2015	433.0
0415	2016	406.0
0415	2017	387.0
0415	2018	382.0
0415	2019	393.0
0417	2011	966.0
0417	2012	1003.0
0417	2013	1056.0
0417	2014	1087.0
0417	2015	1127.0
0417	2016	1106.0
0417	2017	1194.0
0417	2018	1224.0
0417	2019	1160.0
0418	2011	174.0
0418	2012	216.0
0418	2013	167.0
0418	2014	184.0
0418	2015	184.0
0418	2016	214.0
0418	2017	195.0
0418	2018	173.0
0418	2019	212.0
0419	2011	374.0
0419	2012	332.0
0419	2013	384.0
0419	2014	403.0
0419	2015	484.0
0419	2016	412.0
0419	2017	415.0
0419	2018	371.0
0419	2019	415.0
0420	2011	234.0
0420	2012	289.0
0420	2013	267.0
0420	2014	304.0
0420	2015	239.0
0420	2016	249.0
0420	2017	335.0
0420	2018	265.0
0420	2019	276.0
0423	2011	233.0
0423	2012	250.0
0423	2013	207.0
0423	2014	183.0
0423	2015	188.0
0423	2016	264.0
0423	2017	252.0
0423	2018	185.0
0423	2019	220.0
0425	2011	279.0
0425	2012	321.0
0425	2013	275.0
0425	2014	279.0
0425	2015	287.0
0425	2016	289.0
0425	2017	328.0
0425	2018	315.0
0425	2019	299.0
0426	2011	165.0
0426	2012	203.0
0426	2013	157.0
0426	2014	168.0
0426	2015	182.0
0426	2016	174.0
0426	2017	181.0
0426	2018	204.0
0426	2019	156.0
0427	2011	821.0
0427	2012	879.0
0427	2013	874.0
0427	2014	924.0
0427	2015	1027.0
0427	2016	919.0
0427	2017	977.0
0427	2018	1003.0
0427	2019	992.0
0428	2011	180.0
0428	2012	194.0
0428	2013	215.0
0428	2014	187.0
0428	2015	199.0
0428	2016	204.0
0428	2017	233.0
0428	2018	244.0
0428	2019	206.0
0429	2011	277.0
0429	2012	338.0
0429	2013	316.0
0429	2014	314.0
0429	2015	308.0
0429	2016	352.0
0429	2017	392.0
0429	2018	342.0
0429	2019	366.0
0430	2011	134.0
0430	2012	119.0
0430	2013	86.0
0430	2014	132.0
0430	2015	132.0
0430	2016	110.0
0430	2017	136.0
0430	2018	124.0
0430	2019	102.0
0432	2011	65.0
0432	2012	58.0
0432	2013	70.0
0432	2014	92.0
0432	2015	112.0
0432	2016	76.0
0432	2017	94.0
0432	2018	70.0
0432	2019	65.0
0434	2011	29.0
0434	2012	46.0
0434	2013	40.0
0434	2014	51.0
0434	2015	38.0
0434	2016	32.0
0434	2017	59.0
0434	2018	49.0
0434	2019	55.0
0436	2011	78.0
0436	2012	56.0
0436	2013	42.0
0436	2014	59.0
0436	2015	50.0
0436	2016	55.0
0436	2017	33.0
0436	2018	61.0
0436	2019	54.0
0437	2011	210.0
0437	2012	185.0
0437	2013	192.0
0437	2014	207.0
0437	2015	216.0
0437	2016	195.0
0437	2017	247.0
0437	2018	213.0
0437	2019	185.0
0438	2011	78.0
0438	2012	81.0
0438	2013	63.0
0438	2014	64.0
0438	2015	90.0
0438	2016	96.0
0438	2017	85.0
0438	2018	69.0
0438	2019	107.0
0439	2011	37.0
0439	2012	56.0
0439	2013	52.0
0439	2014	55.0
0439	2015	61.0
0439	2016	50.0
0439	2017	42.0
0439	2018	70.0
0439	2019	57.0
0441	2011	80.0
0441	2012	70.0
0441	2013	68.0
0441	2014	71.0
0441	2015	75.0
0441	2016	67.0
0441	2017	79.0
0441	2018	79.0
0441	2019	75.0
0501	2011	1429.0
0501	2012	1543.0
0501	2013	1556.0
0501	2014	1608.0
0501	2015	1638.0
0501	2016	1687.0
0501	2017	1670.0
0501	2018	1623.0
0501	2019	1710.0
0502	2011	1421.0
0502	2012	1394.0
0502	2013	1547.0
0502	2014	1570.0
0502	2015	1534.0
0502	2016	1482.0
0502	2017	1960.0
0502	2018	1732.0
0502	2019	1599.0
0511	2011	101.0
0511	2012	81.0
0511	2013	95.0
0511	2014	120.0
0511	2015	94.0
0511	2016	90.0
0511	2017	79.0
0511	2018	120.0
0511	2019	72.0
0512	2011	52.0
0512	2012	35.0
0512	2013	27.0
0512	2014	41.0
0512	2015	55.0
0512	2016	66.0
0512	2017	39.0
0512	2018	62.0
0512	2019	61.0
0513	2011	55.0
0513	2012	52.0
0513	2013	52.0
0513	2014	41.0
0513	2015	48.0
0513	2016	56.0
0513	2017	51.0
0513	2018	79.0
0513	2019	65.0
0514	2011	51.0
0514	2012	50.0
0514	2013	54.0
0514	2014	80.0
0514	2015	76.0
0514	2016	62.0
0514	2017	48.0
0514	2018	58.0
0514	2019	62.0
0515	2011	108.0
0515	2012	90.0
0515	2013	82.0
0515	2014	90.0
0515	2015	105.0
0515	2016	105.0
0515	2017	103.0
0515	2018	99.0
0515	2019	97.0
0516	2011	139.0
0516	2012	149.0
0516	2013	168.0
0516	2014	180.0
0516	2015	197.0
0516	2016	163.0
0516	2017	196.0
0516	2018	174.0
0516	2019	171.0
0517	2011	185.0
0517	2012	138.0
0517	2013	181.0
0517	2014	156.0
0517	2015	162.0
0517	2016	155.0
0517	2017	174.0
0517	2018	138.0
0517	2019	151.0
0519	2011	131.0
0519	2012	104.0
0519	2013	140.0
0519	2014	126.0
0519	2015	112.0
0519	2016	105.0
0519	2017	114.0
0519	2018	86.0
0519	2019	108.0
0520	2011	128.0
0520	2012	96.0
0520	2013	129.0
0520	2014	148.0
0520	2015	170.0
0520	2016	171.0
0520	2017	152.0
0520	2018	123.0
0520	2019	127.0
0521	2011	176.0
0521	2012	191.0
0521	2013	202.0
0521	2014	226.0
0521	2015	244.0
0521	2016	208.0
0521	2017	247.0
0521	2018	256.0
0521	2019	200.0
0522	2011	226.0
0522	2012	234.0
0522	2013	283.0
0522	2014	199.0
0522	2015	262.0
0522	2016	196.0
0522	2017	220.0
0522	2018	255.0
0522	2019	236.0
0528	2011	538.0
0528	2012	517.0
0528	2013	553.0
0528	2014	561.0
0528	2015	672.0
0528	2016	560.0
0528	2017	600.0
0528	2018	625.0
0528	2019	631.0
0529	2011	612.0
0529	2012	618.0
0529	2013	611.0
0529	2014	602.0
0529	2015	586.0
0529	2016	606.0
0529	2017	734.0
0529	2018	679.0
0529	2019	680.0
0532	2011	369.0
0532	2012	280.0
0532	2013	355.0
0532	2014	354.0
0532	2015	373.0
0532	2016	376.0
0532	2017	426.0
0532	2018	408.0
0532	2019	348.0
0533	2011	489.0
0533	2012	450.0
0533	2013	455.0
0533	2014	424.0
0533	2015	438.0
0533	2016	470.0
0533	2017	471.0
0533	2018	372.0
0533	2019	412.0
0534	2011	499.0
0534	2012	528.0
0534	2013	551.0
0534	2014	507.0
0534	2015	517.0
0534	2016	521.0
0534	2017	580.0
0534	2018	526.0
0534	2019	532.0
0536	2011	264.0
0536	2012	251.0
0536	2013	277.0
0536	2014	265.0
0536	2015	299.0
0536	2016	240.0
0536	2017	232.0
0536	2018	267.0
0536	2019	254.0
0538	2011	244.0
0538	2012	197.0
0538	2013	198.0
0538	2014	242.0
0538	2015	269.0
0538	2016	245.0
0538	2017	236.0
0538	2018	184.0
0538	2019	193.0
0540	2011	105.0
0540	2012	118.0
0540	2013	116.0
0540	2014	133.0
0540	2015	87.0
0540	2016	103.0
0540	2017	119.0
0540	2018	114.0
0540	2019	106.0
0541	2011	60.0
0541	2012	38.0
0541	2013	54.0
0541	2014	56.0
0541	2015	38.0
0541	2016	64.0
0541	2017	49.0
0541	2018	36.0
0541	2019	47.0
0542	2011	281.0
0542	2012	233.0
0542	2013	293.0
0542	2014	345.0
0542	2015	305.0
0542	2016	300.0
0542	2017	273.0
0542	2018	238.0
0542	2019	235.0
0543	2011	88.0
0543	2012	96.0
0543	2013	87.0
0543	2014	87.0
0543	2015	82.0
0543	2016	84.0
0543	2017	97.0
0543	2018	123.0
0543	2019	100.0
0544	2011	106.0
0544	2012	133.0
0544	2013	103.0
0544	2014	123.0
0544	2015	129.0
0544	2016	123.0
0544	2017	106.0
0544	2018	101.0
0544	2019	111.0
0545	2011	55.0
0545	2012	40.0
0545	2013	70.0
0545	2014	62.0
0545	2015	67.0
0545	2016	94.0
0545	2017	81.0
0545	2018	64.0
0545	2019	54.0
3801	2020	1451.0
3801	2021	1382.0
3801	2022	1361.0
3801	2023	1370.0
3802	2020	1411.0
3802	2021	1816.0
3802	2022	1462.0
3802	2023	1556.0
3803	2020	3519.0
3803	2021	3749.0
3803	2022	3541.0
3803	2023	3394.0
3804	2020	2918.0
3804	2021	3035.0
3804	2022	2893.0
3804	2023	2860.0
3805	2020	1870.0
3805	2021	1918.0
3805	2022	1956.0
3805	2023	1979.0
3806	2020	2066.0
3806	2021	1894.0
3806	2022	1759.0
3806	2023	1830.0
3807	2020	2349.0
3807	2021	2388.0
3807	2022	2348.0
3807	2023	2501.0
3808	2020	475.0
3808	2021	576.0
3808	2022	523.0
3808	2023	597.0
3811	2020	1703.0
3811	2021	1667.0
3811	2022	1548.0
3811	2023	1561.0
3812	2020	134.0
3812	2021	127.0
3812	2022	152.0
3812	2023	116.0
3813	2020	553.0
3813	2021	622.0
3813	2022	645.0
3813	2023	641.0
3814	2020	423.0
3814	2021	363.0
3814	2022	455.0
3814	2023	363.0
3815	2020	135.0
3815	2021	151.0
3815	2022	132.0
3815	2023	124.0
3816	2020	251.0
3816	2021	313.0
3816	2022	333.0
3816	2023	274.0
3817	2020	566.0
3817	2021	621.0
3817	2022	635.0
3817	2023	648.0
3818	2020	160.0
3818	2021	159.0
3818	2022	220.0
3818	2023	182.0
3819	2020	56.0
3819	2021	64.0
3819	2022	77.0
3819	2023	99.0
3820	2020	126.0
3820	2021	105.0
3820	2022	142.0
3820	2023	133.0
3821	2020	111.0
3821	2021	118.0
3821	2022	95.0
3821	2023	122.0
3822	2020	54.0
3822	2021	62.0
3822	2022	82.0
3822	2023	94.0
3823	2020	39.0
3823	2021	53.0
3823	2022	68.0
3823	2023	75.0
3824	2020	78.0
3824	2021	76.0
3824	2022	130.0
3824	2023	115.0
3825	2020	194.0
3825	2021	160.0
3825	2022	194.0
3825	2023	218.0
3901	2024	1459.0
3901	2025	1406.0
3903	2024	1316.0
3903	2025	1348.0
3905	2024	3584.0
3905	2025	3453.0
3907	2024	2694.0
3907	2025	2814.0
3909	2024	1695.0
3909	2025	1849.0
3911	2024	1472.0
3911	2025	1595.0
4001	2024	1853.0
4001	2025	1873.0
4003	2024	2247.0
4003	2025	2227.0
4005	2024	534.0
4005	2025	484.0
4010	2024	110.0
4010	2025	109.0
4012	2024	594.0
4012	2025	609.0
4014	2024	390.0
4014	2025	358.0
4016	2024	133.0
4016	2025	152.0
4018	2024	314.0
4018	2025	263.0
4020	2024	721.0
4020	2025	584.0
4022	2024	128.0
4022	2025	119.0
4024	2024	65.0
4024	2025	91.0
4026	2024	243.0
4026	2025	218.0
4028	2024	121.0
4028	2025	103.0
4030	2024	62.0
4030	2025	76.0
4032	2024	66.0
4032	2025	63.0
4034	2024	113.0
4034	2025	81.0
4036	2024	209.0
4036	2025	154.0
0701	2011	1238.0
0701	2012	1333.0
0701	2013	1267.0
0701	2014	1264.0
0701	2015	1444.0
0701	2016	1239.0
0701	2017	1315.0
0701	2018	1344.0
0701	2019	1285.0
0702	2011	586.0
0702	2012	609.0
0702	2013	614.0
0702	2014	633.0
0702	2015	575.0
0702	2016	627.0
0702	2017	755.0
0704	2011	2857.0
0704	2012	2711.0
0704	2013	2635.0
0704	2014	2848.0
0704	2015	2811.0
0704	2016	2885.0
0704	2017	3047.0
0704	2018	3128.0
0704	2019	3235.0
0706	2011	1925.0
0706	2012	1827.0
0706	2013	1774.0
0706	2014	1868.0
0706	2015	1989.0
0706	2016	1912.0
0709	2011	1471.0
0709	2012	1296.0
0709	2013	1382.0
0709	2014	1480.0
0709	2015	1555.0
0709	2016	1525.0
0709	2017	1701.0
0710	2017	2798.0
0710	2018	2667.0
0710	2019	2905.0
0711	2011	369.0
0711	2012	360.0
0711	2013	390.0
0711	2014	422.0
0711	2015	386.0
0711	2016	441.0
0711	2017	398.0
0711	2018	365.0
0711	2019	335.0
0712	2018	1903.0
0712	2019	1690.0
0713	2011	506.0
0713	2012	546.0
0713	2013	580.0
0713	2014	561.0
0713	2015	570.0
0713	2016	616.0
0713	2017	665.0
0713	2018	640.0
0713	2019	572.0
0714	2011	151.0
0714	2012	211.0
0714	2013	202.0
0714	2014	188.0
0714	2015	175.0
0714	2016	195.0
0714	2017	186.0
0715	2018	889.0
0715	2019	836.0
0716	2011	546.0
0716	2012	500.0
0716	2013	628.0
0716	2014	619.0
0716	2015	608.0
0716	2016	603.0
0716	2017	719.0
0716	2018	647.0
0716	2019	667.0
0719	2011	405.0
0719	2012	396.0
0719	2013	448.0
0719	2014	409.0
0719	2015	378.0
0719	2016	357.0
0720	2011	709.0
0720	2012	818.0
0720	2013	806.0
0720	2014	753.0
0720	2015	793.0
0720	2016	888.0
0722	2011	1302.0
0722	2012	1328.0
0722	2013	1447.0
0722	2014	1385.0
0722	2015	1447.0
0722	2016	1365.0
0722	2017	1364.0
0723	2011	352.0
0723	2012	335.0
0723	2013	356.0
0723	2014	318.0
0723	2015	354.0
0723	2016	323.0
0723	2017	366.0
0728	2011	122.0
0728	2012	140.0
0728	2013	124.0
0728	2014	150.0
0728	2015	149.0
0728	2016	144.0
0728	2017	215.0
0729	2018	1387.0
0729	2019	1515.0
0805	2011	1724.0
0805	2012	1638.0
0805	2013	1772.0
0805	2014	1819.0
0805	2015	1697.0
0805	2016	1718.0
0805	2017	1737.0
0805	2018	1780.0
0805	2019	1825.0
0806	2011	2123.0
0806	2012	2147.0
0806	2013	2151.0
0806	2014	2177.0
0806	2015	2231.0
0806	2016	2131.0
0806	2017	2235.0
0806	2018	2141.0
0806	2019	2129.0
0807	2011	441.0
0807	2012	405.0
0807	2013	523.0
0807	2014	512.0
0807	2015	481.0
0807	2016	414.0
0807	2017	453.0
0807	2018	508.0
0807	2019	421.0
0811	2011	167.0
0811	2012	123.0
0811	2013	115.0
0811	2014	133.0
0811	2015	117.0
0811	2016	132.0
0811	2017	109.0
0811	2018	115.0
0811	2019	139.0
0814	2011	619.0
0814	2012	523.0
0814	2013	611.0
0814	2014	554.0
0814	2015	577.0
0814	2016	598.0
0814	2017	649.0
0814	2018	486.0
0814	2019	576.0
0815	2011	298.0
0815	2012	343.0
0815	2013	354.0
0815	2014	396.0
0815	2015	326.0
0815	2016	368.0
0815	2017	365.0
0815	2018	324.0
0815	2019	351.0
0817	2011	110.0
0817	2012	116.0
0817	2013	144.0
0817	2014	143.0
0817	2015	155.0
0817	2016	130.0
0817	2017	116.0
0817	2018	129.0
0817	2019	141.0
0819	2011	269.0
0819	2012	238.0
0819	2013	244.0
0819	2014	251.0
0819	2015	236.0
0819	2016	253.0
0819	2017	303.0
0819	2018	260.0
0819	2019	257.0
0821	2011	418.0
0821	2012	334.0
0821	2013	377.0
0821	2014	437.0
0821	2015	481.0
0821	2016	509.0
0821	2017	604.0
0821	2018	629.0
0821	2019	479.0
0822	2011	222.0
0822	2012	208.0
0822	2013	171.0
0822	2014	203.0
0822	2015	187.0
0822	2016	199.0
0822	2017	246.0
0822	2018	201.0
0822	2019	192.0
0826	2011	143.0
0826	2012	181.0
0826	2013	187.0
0826	2014	217.0
0826	2015	199.0
0826	2016	171.0
0826	2017	214.0
0826	2018	158.0
0826	2019	160.0
0827	2011	62.0
0827	2012	60.0
0827	2013	43.0
0827	2014	59.0
0827	2015	60.0
0827	2016	41.0
0827	2017	47.0
0827	2018	47.0
0827	2019	76.0
0828	2011	119.0
0828	2012	140.0
0828	2013	137.0
0828	2014	125.0
0828	2015	127.0
0828	2016	115.0
0828	2017	115.0
0828	2018	94.0
0828	2019	104.0
0829	2011	110.0
0829	2012	110.0
0829	2013	109.0
0829	2014	93.0
0829	2015	114.0
0829	2016	129.0
0829	2017	83.0
0829	2018	85.0
0829	2019	94.0
0830	2011	78.0
0830	2012	31.0
0830	2013	65.0
0830	2014	56.0
0830	2015	53.0
0830	2016	45.0
0830	2017	60.0
0830	2018	62.0
0830	2019	51.0
0831	2011	61.0
0831	2012	49.0
0831	2013	30.0
0831	2014	52.0
0831	2015	52.0
0831	2016	57.0
0831	2017	47.0
0831	2018	35.0
0831	2019	50.0
0833	2011	78.0
0833	2012	73.0
0833	2013	67.0
0833	2014	82.0
0833	2015	74.0
0833	2016	83.0
0833	2017	78.0
0833	2018	69.0
0833	2019	65.0
0834	2011	130.0
0834	2012	134.0
0834	2013	123.0
0834	2014	110.0
0834	2015	118.0
0834	2016	117.0
0834	2017	132.0
0834	2018	139.0
0834	2019	140.0
4201	2020	292.0
4201	2021	279.0
4201	2022	311.0
4201	2023	294.0
4201	2024	260.0
4201	2025	267.0
4202	2020	1367.0
4202	2021	1374.0
4202	2022	1446.0
4202	2023	1456.0
4202	2024	1404.0
4202	2025	1332.0
4203	2020	1641.0
4203	2021	1966.0
4203	2022	1761.0
4203	2023	1809.0
4203	2024	1724.0
4203	2025	1704.0
4204	2020	4756.0
4204	2021	5058.0
4204	2022	5115.0
4204	2023	5116.0
4204	2024	4879.0
4204	2025	5111.0
4205	2020	726.0
4205	2021	765.0
4205	2022	741.0
4205	2023	829.0
4205	2024	763.0
4205	2025	629.0
4206	2020	267.0
4206	2021	255.0
4206	2022	317.0
4206	2023	254.0
4206	2024	324.0
4206	2025	243.0
4207	2020	284.0
4207	2021	297.0
4207	2022	433.0
4207	2023	332.0
4207	2024	295.0
4207	2025	296.0
4211	2020	89.0
4211	2021	90.0
4211	2022	114.0
4211	2023	109.0
4211	2024	136.0
4211	2025	98.0
4212	2020	106.0
4212	2021	84.0
4212	2022	83.0
4212	2023	119.0
4212	2024	88.0
4212	2025	78.0
4213	2020	348.0
4213	2021	311.0
4213	2022	324.0
4213	2023	379.0
4213	2024	356.0
4213	2025	330.0
4214	2020	309.0
4214	2021	362.0
4214	2022	307.0
4214	2023	322.0
4214	2024	361.0
4214	2025	324.0
4215	2020	573.0
4215	2021	616.0
4215	2022	589.0
4215	2023	566.0
4215	2024	593.0
4215	2025	598.0
4216	2020	250.0
4216	2021	269.0
4216	2022	269.0
4216	2023	277.0
4216	2024	230.0
4216	2025	240.0
4217	2020	68.0
4217	2021	84.0
4217	2022	76.0
4217	2023	92.0
4217	2024	60.0
4217	2025	105.0
4218	2020	80.0
4218	2021	94.0
4218	2022	97.0
4218	2023	87.0
4218	2024	90.0
4218	2025	59.0
4219	2020	149.0
4219	2021	165.0
4219	2022	178.0
4219	2023	147.0
4219	2024	162.0
4219	2025	176.0
4220	2020	47.0
4220	2021	57.0
4220	2022	79.0
4220	2023	83.0
4220	2024	64.0
4220	2025	65.0
4221	2020	44.0
4221	2021	64.0
4221	2022	56.0
4221	2023	58.0
4221	2024	61.0
4221	2025	46.0
4222	2020	75.0
4222	2021	59.0
4222	2022	115.0
4222	2023	91.0
4222	2024	73.0
4222	2025	58.0
4223	2020	675.0
4223	2021	694.0
4223	2022	645.0
4223	2023	709.0
4223	2024	734.0
4223	2025	721.0
4224	2020	23.0
4224	2021	34.0
4224	2022	40.0
4224	2023	56.0
4224	2024	26.0
4224	2025	37.0
4225	2020	484.0
4225	2021	396.0
4225	2022	415.0
4225	2023	435.0
4225	2024	401.0
4225	2025	373.0
4226	2020	57.0
4226	2021	49.0
4226	2022	94.0
4226	2023	79.0
4226	2024	76.0
4226	2025	73.0
4227	2020	160.0
4227	2021	166.0
4227	2022	220.0
4227	2023	196.0
4227	2024	160.0
4227	2025	167.0
4228	2020	63.0
4228	2021	68.0
4228	2022	84.0
4228	2023	85.0
4228	2024	86.0
4228	2025	78.0
0901	2011	276.0
0901	2012	230.0
0901	2013	257.0
0901	2014	240.0
0901	2015	276.0
0901	2016	288.0
0901	2017	260.0
0901	2018	249.0
0901	2019	273.0
0904	2011	1115.0
0904	2012	1023.0
0904	2013	1137.0
0904	2014	1170.0
0904	2015	1340.0
0904	2016	1155.0
0904	2017	1269.0
0904	2018	1212.0
0904	2019	1271.0
0906	2011	1569.0
0906	2012	1503.0
0906	2013	1644.0
0906	2014	1618.0
0906	2015	1508.0
0906	2016	1586.0
0906	2017	1585.0
0906	2018	1611.0
0906	2019	1648.0
0911	2011	123.0
0911	2012	97.0
0911	2013	92.0
0911	2014	104.0
0911	2015	84.0
0911	2016	113.0
0911	2017	95.0
0911	2018	80.0
0911	2019	69.0
0912	2011	76.0
0912	2012	112.0
0912	2013	91.0
0912	2014	83.0
0912	2015	100.0
0912	2016	121.0
0912	2017	64.0
0912	2018	91.0
0912	2019	106.0
0914	2011	299.0
0914	2012	295.0
0914	2013	273.0
0914	2014	294.0
0914	2015	277.0
0914	2016	297.0
0914	2017	308.0
0914	2018	278.0
0914	2019	300.0
0919	2011	348.0
0919	2012	385.0
0919	2013	312.0
0919	2014	308.0
0919	2015	340.0
0919	2016	349.0
0919	2017	282.0
0919	2018	268.0
0919	2019	348.0
0926	2011	526.0
0926	2012	477.0
0926	2013	438.0
0926	2014	528.0
0926	2015	554.0
0926	2016	521.0
0926	2017	558.0
0926	2018	518.0
0926	2019	495.0
0928	2011	263.0
0928	2012	269.0
0928	2013	223.0
0928	2014	260.0
0928	2015	280.0
0928	2016	219.0
0928	2017	231.0
0928	2018	283.0
0928	2019	237.0
0929	2011	74.0
0929	2012	83.0
0929	2013	88.0
0929	2014	85.0
0929	2015	96.0
0929	2016	71.0
0929	2017	84.0
0929	2018	63.0
0929	2019	65.0
0935	2011	80.0
0935	2012	69.0
0935	2013	83.0
0935	2014	63.0
0935	2015	56.0
0935	2016	74.0
0935	2017	76.0
0935	2018	58.0
0935	2019	70.0
0937	2011	156.0
0937	2012	173.0
0937	2013	144.0
0937	2014	116.0
0937	2015	150.0
0937	2016	150.0
0937	2017	188.0
0937	2018	126.0
0937	2019	152.0
0938	2011	46.0
0938	2012	44.0
0938	2013	53.0
0938	2014	53.0
0938	2015	51.0
0938	2016	60.0
0938	2017	57.0
0938	2018	53.0
0938	2019	37.0
0940	2011	49.0
0940	2012	48.0
0940	2013	46.0
0940	2014	39.0
0940	2015	47.0
0940	2016	39.0
0940	2017	42.0
0940	2018	43.0
0940	2019	48.0
0941	2011	34.0
0941	2012	41.0
0941	2013	39.0
0941	2014	29.0
0941	2015	44.0
0941	2016	60.0
0941	2017	57.0
0941	2018	35.0
0941	2019	63.0
1001	2011	3347.0
1001	2012	3600.0
1001	2013	3736.0
1001	2014	3874.0
1001	2015	3830.0
1001	2016	3775.0
1001	2017	5261.0
1001	2018	4628.0
1001	2019	4632.0
1002	2011	558.0
1002	2012	509.0
1002	2013	496.0
1002	2014	520.0
1002	2015	558.0
1002	2016	529.0
1002	2017	519.0
1002	2018	555.0
1002	2019	617.0
1003	2011	219.0
1003	2012	238.0
1003	2013	252.0
1003	2014	274.0
1003	2015	251.0
1003	2016	254.0
1003	2017	227.0
1003	2018	213.0
1003	2019	254.0
1004	2011	214.0
1004	2012	253.0
1004	2013	196.0
1004	2014	263.0
1004	2015	268.0
1004	2016	233.0
1004	2017	254.0
1004	2018	235.0
1004	2019	241.0
1014	2011	681.0
1014	2012	583.0
1014	2013	650.0
1014	2014	590.0
1014	2015	639.0
1014	2016	589.0
1014	2017	638.0
1014	2018	603.0
1014	2019	646.0
1017	2011	407.0
1017	2012	427.0
1017	2013	373.0
1017	2014	430.0
1017	2015	412.0
1017	2016	450.0
1017	2017	432.0
1017	2018	402.0
1017	2019	365.0
1018	2011	602.0
1018	2012	528.0
1018	2013	546.0
1018	2014	615.0
1018	2015	571.0
1018	2016	529.0
1018	2017	536.0
1018	2018	552.0
1018	2019	675.0
1021	2011	139.0
1021	2012	130.0
1021	2013	114.0
1021	2014	143.0
1021	2015	123.0
1021	2016	114.0
1021	2017	101.0
1021	2018	102.0
1021	2019	92.0
1026	2011	33.0
1026	2012	28.0
1026	2013	32.0
1026	2014	19.0
1026	2015	27.0
1026	2016	17.0
1026	2017	31.0
1026	2018	26.0
1026	2019	19.0
1027	2011	72.0
1027	2012	82.0
1027	2013	50.0
1027	2014	50.0
1027	2015	55.0
1027	2016	72.0
1027	2017	85.0
1027	2018	63.0
1027	2019	50.0
1029	2011	207.0
1029	2012	210.0
1029	2013	244.0
1029	2014	197.0
1029	2015	250.0
1029	2016	229.0
1029	2017	240.0
1029	2018	230.0
1029	2019	268.0
1032	2011	263.0
1032	2012	298.0
1032	2013	234.0
1032	2014	288.0
1032	2015	342.0
1032	2016	278.0
1032	2017	268.0
1032	2018	306.0
1032	2019	317.0
1034	2011	44.0
1034	2012	49.0
1034	2013	46.0
1034	2014	50.0
1034	2015	46.0
1034	2016	55.0
1034	2017	35.0
1034	2018	39.0
1034	2019	39.0
1037	2011	141.0
1037	2012	158.0
1037	2013	128.0
1037	2014	151.0
1037	2015	146.0
1037	2016	157.0
1037	2017	216.0
1037	2018	175.0
1037	2019	137.0
1046	2011	85.0
1046	2012	62.0
1046	2013	63.0
1046	2014	52.0
1046	2015	46.0
1046	2016	64.0
1046	2017	59.0
1046	2018	55.0
1046	2019	34.0
1101	2011	442.0
1101	2012	346.0
1101	2013	434.0
1101	2014	448.0
1101	2015	419.0
1101	2016	318.0
1101	2017	361.0
1101	2018	325.0
1101	2019	362.0
1101	2020	380.0
1101	2021	414.0
1101	2022	453.0
1101	2023	525.0
1101	2024	474.0
1101	2025	512.0
1102	2011	3709.0
1102	2012	3950.0
1102	2013	3974.0
1102	2014	3994.0
1102	2015	3784.0
1102	2016	3373.0
1102	2017	3423.0
1102	2018	3341.0
1102	2019	3432.0
1103	2011	5737.0
1103	2012	5511.0
1103	2013	5784.0
1103	2014	5908.0
1103	2015	5964.0
1103	2016	5513.0
1103	2017	5414.0
1103	2018	5791.0
1103	2019	5848.0
1103	2020	5832.0
1103	2021	6150.0
1103	2022	5971.0
1103	2023	7643.0
1103	2024	6214.0
1103	2025	6227.0
1106	2011	1864.0
1106	2012	1779.0
1106	2013	1763.0
1106	2014	1951.0
1106	2015	2010.0
1106	2016	1829.0
1106	2017	1813.0
1106	2018	1803.0
1106	2019	1708.0
1106	2020	1737.0
1106	2021	1935.0
1106	2022	1902.0
1106	2023	1892.0
1106	2024	1707.0
1106	2025	1909.0
1108	2020	3515.0
1108	2021	3768.0
1108	2022	3680.0
1108	2023	3900.0
1108	2024	3897.0
1108	2025	3921.0
1111	2011	89.0
1111	2012	103.0
1111	2013	82.0
1111	2014	81.0
1111	2015	84.0
1111	2016	74.0
1111	2017	86.0
1111	2018	57.0
1111	2019	66.0
1111	2020	89.0
1111	2021	121.0
1111	2022	115.0
1111	2023	129.0
1111	2024	116.0
1111	2025	98.0
1112	2011	92.0
1112	2012	101.0
1112	2013	132.0
1112	2014	113.0
1112	2015	109.0
1112	2016	115.0
1112	2017	94.0
1112	2018	113.0
1112	2019	103.0
1112	2020	84.0
1112	2021	99.0
1112	2022	150.0
1112	2023	117.0
1112	2024	129.0
1112	2025	113.0
1114	2011	145.0
1114	2012	145.0
1114	2013	116.0
1114	2014	124.0
1114	2015	82.0
1114	2016	91.0
1114	2017	63.0
1114	2018	84.0
1114	2019	98.0
1114	2020	95.0
1114	2021	115.0
1114	2022	185.0
1114	2023	172.0
1114	2024	138.0
1114	2025	107.0
1119	2011	741.0
1119	2012	695.0
1119	2013	832.0
1119	2014	781.0
1119	2015	661.0
1119	2016	568.0
1119	2017	540.0
1119	2018	523.0
1119	2019	573.0
1119	2020	578.0
1119	2021	669.0
1119	2022	719.0
1119	2023	728.0
1119	2024	777.0
1119	2025	653.0
1120	2011	984.0
1120	2012	1094.0
1120	2013	1072.0
1120	2014	1116.0
1120	2015	1034.0
1120	2016	839.0
1120	2017	955.0
1120	2018	950.0
1120	2019	955.0
1120	2020	1083.0
1120	2021	1181.0
1120	2022	1165.0
1120	2023	1184.0
1120	2024	1155.0
1120	2025	1242.0
1121	2011	970.0
1121	2012	1215.0
1121	2013	1147.0
1121	2014	1111.0
1121	2015	1046.0
1121	2016	826.0
1121	2017	820.0
1121	2018	903.0
1121	2019	846.0
1121	2020	955.0
1121	2021	1075.0
1121	2022	1150.0
1121	2023	1101.0
1121	2024	1032.0
1121	2025	1065.0
1122	2011	602.0
1122	2012	626.0
1122	2013	606.0
1122	2014	693.0
1122	2015	645.0
1122	2016	433.0
1122	2017	432.0
1122	2018	518.0
1122	2019	518.0
1122	2020	470.0
1122	2021	585.0
1122	2022	564.0
1122	2023	591.0
1122	2024	606.0
1122	2025	610.0
1124	2011	1845.0
1124	2012	1827.0
1124	2013	1827.0
1124	2014	1960.0
1124	2015	1831.0
1124	2016	1476.0
1124	2017	1612.0
1124	2018	1711.0
1124	2019	1747.0
1124	2020	1700.0
1124	2021	1760.0
1124	2022	1881.0
1124	2023	1794.0
1124	2024	1897.0
1124	2025	1814.0
1127	2011	731.0
1127	2012	569.0
1127	2013	545.0
1127	2014	730.0
1127	2015	663.0
1127	2016	657.0
1127	2017	542.0
1127	2018	562.0
1127	2019	641.0
1127	2020	592.0
1127	2021	685.0
1127	2022	715.0
1127	2023	707.0
1127	2024	631.0
1127	2025	638.0
1129	2011	59.0
1129	2012	70.0
1129	2013	69.0
1129	2014	32.0
1129	2015	64.0
1129	2016	53.0
1129	2017	43.0
1129	2018	39.0
1129	2019	33.0
1130	2011	346.0
1130	2012	438.0
1130	2013	476.0
1130	2014	469.0
1130	2015	361.0
1130	2016	391.0
1130	2017	286.0
1130	2018	334.0
1130	2019	351.0
1130	2020	430.0
1130	2021	470.0
1130	2022	484.0
1130	2023	511.0
1130	2024	395.0
1130	2025	486.0
1133	2011	102.0
1133	2012	93.0
1133	2013	96.0
1133	2014	102.0
1133	2015	78.0
1133	2016	89.0
1133	2017	90.0
1133	2018	85.0
1133	2019	66.0
1133	2020	113.0
1133	2021	77.0
1133	2022	131.0
1133	2023	122.0
1133	2024	127.0
1133	2025	94.0
1134	2011	94.0
1134	2012	134.0
1134	2013	127.0
1134	2014	126.0
1134	2015	127.0
1134	2016	108.0
1134	2017	97.0
1134	2018	104.0
1134	2019	113.0
1134	2020	113.0
1134	2021	116.0
1134	2022	140.0
1134	2023	156.0
1134	2024	124.0
1134	2025	117.0
1135	2011	167.0
1135	2012	109.0
1135	2013	138.0
1135	2014	118.0
1135	2015	109.0
1135	2016	117.0
1135	2017	106.0
1135	2018	99.0
1135	2019	114.0
1135	2020	126.0
1135	2021	109.0
1135	2022	152.0
1135	2023	194.0
1135	2024	120.0
1135	2025	118.0
1141	2011	108.0
1141	2012	126.0
1141	2013	135.0
1141	2014	169.0
1141	2015	138.0
1141	2016	119.0
1141	2017	82.0
1141	2018	104.0
1141	2019	84.0
1142	2011	328.0
1142	2012	315.0
1142	2013	293.0
1142	2014	281.0
1142	2015	285.0
1142	2016	183.0
1142	2017	176.0
1142	2018	191.0
1142	2019	183.0
1144	2011	14.0
1144	2012	23.0
1144	2013	24.0
1144	2014	39.0
1144	2015	24.0
1144	2016	25.0
1144	2017	26.0
1144	2018	14.0
1144	2019	21.0
1144	2020	15.0
1144	2021	35.0
1144	2022	43.0
1144	2023	35.0
1144	2024	45.0
1144	2025	44.0
1145	2011	32.0
1145	2012	40.0
1145	2013	45.0
1145	2014	25.0
1145	2015	32.0
1145	2016	28.0
1145	2017	29.0
1145	2018	27.0
1145	2019	20.0
1145	2020	29.0
1145	2021	29.0
1145	2022	51.0
1145	2023	54.0
1145	2024	50.0
1145	2025	49.0
1146	2011	491.0
1146	2012	496.0
1146	2013	541.0
1146	2014	505.0
1146	2015	515.0
1146	2016	468.0
1146	2017	403.0
1146	2018	427.0
1146	2019	440.0
1146	2020	588.0
1146	2021	482.0
1146	2022	512.0
1146	2023	562.0
1146	2024	521.0
1146	2025	509.0
1149	2011	1388.0
1149	2012	1273.0
1149	2013	1379.0
1149	2014	1296.0
1149	2015	1279.0
1149	2016	1174.0
1149	2017	1222.0
1149	2018	1178.0
1149	2019	1123.0
1149	2020	1279.0
1149	2021	1316.0
1149	2022	1327.0
1149	2023	1413.0
1149	2024	1380.0
1149	2025	1378.0
1151	2011	12.0
1151	2012	6.0
1151	2013	14.0
1151	2014	12.0
1151	2015	9.0
1151	2016	19.0
1151	2017	6.0
1151	2018	4.0
1151	2019	8.0
1151	2020	11.0
1151	2021	8.0
1151	2022	23.0
1151	2023	18.0
1151	2024	14.0
1151	2025	16.0
1160	2011	246.0
1160	2012	239.0
1160	2013	250.0
1160	2014	219.0
1160	2015	246.0
1160	2016	256.0
1160	2017	228.0
1160	2018	207.0
1160	2019	225.0
1160	2020	242.0
1160	2021	298.0
1160	2022	288.0
1160	2023	300.0
1160	2024	358.0
1160	2025	298.0
4601	2020	10901.0
4601	2021	11214.0
4601	2022	10250.0
4601	2023	11277.0
4601	2024	10164.0
4601	2025	10314.0
4602	2020	407.0
4602	2021	460.0
4602	2022	422.0
4602	2023	528.0
4602	2024	544.0
4602	2025	445.0
4611	2020	95.0
4611	2021	102.0
4611	2022	122.0
4611	2023	131.0
4611	2024	131.0
4611	2025	158.0
4612	2020	268.0
4612	2021	256.0
4612	2022	277.0
4612	2023	244.0
4612	2024	246.0
4612	2025	245.0
4613	2020	324.0
4613	2021	387.0
4613	2022	313.0
4613	2023	367.0
4613	2024	355.0
4613	2025	432.0
4614	2020	621.0
4614	2021	632.0
4614	2022	610.0
4614	2023	659.0
4614	2024	553.0
4614	2025	558.0
4615	2020	102.0
4615	2021	94.0
4615	2022	156.0
4615	2023	135.0
4615	2024	110.0
4615	2025	132.0
4616	2020	135.0
4616	2021	87.0
4616	2022	116.0
4616	2023	136.0
4616	2024	162.0
4616	2025	158.0
4617	2020	287.0
4617	2021	305.0
4617	2022	295.0
4617	2023	349.0
4617	2024	313.0
4617	2025	332.0
4618	2020	258.0
4618	2021	263.0
4618	2022	285.0
4618	2023	275.0
4618	2024	271.0
4618	2025	241.0
4619	2020	30.0
4619	2021	38.0
4619	2022	44.0
4619	2023	41.0
4619	2024	34.0
4619	2025	35.0
4620	2020	38.0
4620	2021	44.0
4620	2022	53.0
4620	2023	86.0
4620	2024	54.0
4620	2025	54.0
4621	2020	473.0
4621	2021	526.0
4621	2022	657.0
4621	2023	584.0
4621	2024	518.0
4621	2025	455.0
4622	2020	259.0
4622	2021	238.0
4622	2022	262.0
4622	2023	236.0
4622	2024	258.0
4622	2025	208.0
4623	2020	130.0
4623	2021	95.0
4623	2022	78.0
4623	2023	83.0
4623	2024	88.0
4623	2025	79.0
4624	2020	921.0
4624	2021	946.0
4624	2022	1061.0
4624	2023	1135.0
4624	2024	1030.0
4624	2025	1211.0
4625	2020	181.0
4625	2021	166.0
4625	2022	145.0
4625	2023	151.0
4625	2024	213.0
4625	2025	187.0
4626	2020	1652.0
4626	2021	1683.0
4626	2022	1547.0
4626	2023	1752.0
4626	2024	1537.0
4626	2025	1823.0
4627	2020	1090.0
4627	2021	1180.0
4627	2022	1040.0
4627	2023	1141.0
4627	2024	1147.0
4627	2025	1267.0
4628	2020	126.0
4628	2021	130.0
4628	2022	136.0
4628	2023	122.0
4628	2024	167.0
4628	2025	186.0
4629	2020	15.0
4629	2021	15.0
4629	2022	15.0
4629	2023	24.0
4629	2024	23.0
4629	2025	19.0
4630	2020	235.0
4630	2021	274.0
4630	2022	271.0
4630	2023	280.0
4630	2024	289.0
4630	2025	323.0
4631	2020	991.0
4631	2021	1084.0
4631	2022	1164.0
4631	2023	1076.0
4631	2024	1046.0
4631	2025	1099.0
4632	2020	127.0
4632	2021	155.0
4632	2022	130.0
4632	2023	131.0
4632	2024	160.0
4632	2025	152.0
4633	2020	24.0
4633	2021	21.0
4633	2022	47.0
4633	2023	45.0
4633	2024	37.0
4633	2025	27.0
4634	2020	56.0
4634	2021	49.0
4634	2022	72.0
4634	2023	77.0
4634	2024	45.0
4634	2025	53.0
4635	2020	83.0
4635	2021	91.0
4635	2022	79.0
4635	2023	92.0
4635	2024	92.0
4635	2025	95.0
4636	2020	26.0
4636	2021	29.0
4636	2022	29.0
4636	2023	26.0
4636	2024	31.0
4636	2025	24.0
4637	2020	44.0
4637	2021	51.0
4637	2022	51.0
4637	2023	49.0
4637	2024	55.0
4637	2025	57.0
4638	2020	104.0
4638	2021	123.0
4638	2022	117.0
4638	2023	120.0
4638	2024	141.0
4638	2025	143.0
4639	2020	55.0
4639	2021	68.0
4639	2022	92.0
4639	2023	81.0
4639	2024	84.0
4639	2025	67.0
4640	2020	625.0
4640	2021	694.0
4640	2022	635.0
4640	2023	606.0
4640	2024	640.0
4640	2025	614.0
4641	2020	66.0
4641	2021	68.0
4641	2022	67.0
4641	2023	89.0
4641	2024	94.0
4641	2025	76.0
4642	2020	77.0
4642	2021	56.0
4642	2022	80.0
4642	2023	98.0
4642	2024	110.0
4642	2025	113.0
4643	2020	109.0
4643	2021	149.0
4643	2022	98.0
4643	2023	196.0
4643	2024	109.0
4643	2025	89.0
4644	2020	146.0
4644	2021	196.0
4644	2022	190.0
4644	2023	198.0
4644	2024	207.0
4644	2025	213.0
4645	2020	77.0
4645	2021	85.0
4645	2022	98.0
4645	2023	118.0
4645	2024	88.0
4645	2025	90.0
4646	2020	90.0
4646	2021	102.0
4646	2022	82.0
4646	2023	60.0
4646	2024	106.0
4646	2025	104.0
4647	2020	638.0
4647	2021	734.0
4647	2022	690.0
4647	2023	835.0
4647	2024	748.0
4647	2025	658.0
4648	2020	90.0
4648	2021	89.0
4648	2022	84.0
4648	2023	81.0
4648	2024	110.0
4648	2025	129.0
4649	2020	308.0
4649	2021	304.0
4649	2022	321.0
4649	2023	327.0
4649	2024	283.0
4649	2025	279.0
4650	2020	188.0
4650	2021	140.0
4650	2022	193.0
4650	2023	207.0
4650	2024	166.0
4650	2025	196.0
4651	2020	195.0
4651	2021	200.0
4651	2022	192.0
4651	2023	232.0
4651	2024	200.0
4651	2025	194.0
1201	2011	9306.0
1201	2012	9640.0
1201	2013	9795.0
1201	2014	9775.0
1201	2015	9880.0
1201	2016	9673.0
1201	2017	9838.0
1201	2018	9805.0
1201	2019	9954.0
1211	2011	114.0
1211	2012	146.0
1211	2013	110.0
1211	2014	122.0
1211	2015	118.0
1211	2016	123.0
1211	2017	102.0
1211	2018	102.0
1211	2019	87.0
1216	2011	286.0
1216	2012	324.0
1216	2013	290.0
1216	2014	280.0
1216	2015	268.0
1216	2016	274.0
1216	2017	269.0
1216	2018	197.0
1216	2019	210.0
1219	2011	274.0
1219	2012	290.0
1219	2013	307.0
1219	2014	263.0
1219	2015	297.0
1219	2016	292.0
1219	2017	330.0
1219	2018	315.0
1219	2019	234.0
1221	2011	582.0
1221	2012	564.0
1221	2013	653.0
1221	2014	582.0
1221	2015	602.0
1221	2016	559.0
1221	2017	503.0
1221	2018	561.0
1221	2019	554.0
1222	2011	92.0
1222	2012	97.0
1222	2013	103.0
1222	2014	138.0
1222	2015	110.0
1222	2016	157.0
1222	2017	96.0
1222	2018	95.0
1222	2019	88.0
1223	2011	83.0
1223	2012	75.0
1223	2013	78.0
1223	2014	106.0
1223	2015	114.0
1223	2016	116.0
1223	2017	111.0
1223	2018	96.0
1223	2019	80.0
1224	2011	341.0
1224	2012	315.0
1224	2013	302.0
1224	2014	290.0
1224	2015	303.0
1224	2016	342.0
1224	2017	346.0
1224	2018	284.0
1224	2019	290.0
1227	2011	44.0
1227	2012	39.0
1227	2013	37.0
1227	2014	35.0
1227	2015	53.0
1227	2016	46.0
1227	2017	26.0
1227	2018	36.0
1227	2019	34.0
1228	2011	141.0
1228	2012	175.0
1228	2013	167.0
1228	2014	164.0
1228	2015	189.0
1228	2016	162.0
1228	2017	127.0
1228	2018	171.0
1228	2019	152.0
1231	2011	133.0
1231	2012	103.0
1231	2013	77.0
1231	2014	88.0
1231	2015	75.0
1231	2016	95.0
1231	2017	85.0
1231	2018	107.0
1231	2019	103.0
1232	2011	33.0
1232	2012	29.0
1232	2013	41.0
1232	2014	28.0
1232	2015	39.0
1232	2016	27.0
1232	2017	41.0
1232	2018	26.0
1232	2019	33.0
1233	2011	41.0
1233	2012	37.0
1233	2013	40.0
1233	2014	42.0
1233	2015	45.0
1233	2016	50.0
1233	2017	35.0
1233	2018	24.0
1233	2019	37.0
1234	2011	35.0
1234	2012	39.0
1234	2013	35.0
1234	2014	31.0
1234	2015	41.0
1234	2016	38.0
1234	2017	30.0
1234	2018	47.0
1234	2019	35.0
1235	2011	401.0
1235	2012	368.0
1235	2013	387.0
1235	2014	419.0
1235	2015	439.0
1235	2016	443.0
1235	2017	485.0
1235	2018	457.0
1235	2019	449.0
1238	2011	195.0
1238	2012	221.0
1238	2013	196.0
1238	2014	225.0
1238	2015	222.0
1238	2016	196.0
1238	2017	248.0
1238	2018	217.0
1238	2019	230.0
1241	2011	107.0
1241	2012	134.0
1241	2013	129.0
1241	2014	118.0
1241	2015	158.0
1241	2016	133.0
1241	2017	142.0
1241	2018	96.0
1241	2019	154.0
1242	2011	91.0
1242	2012	91.0
1242	2013	90.0
1242	2014	107.0
1242	2015	102.0
1242	2016	106.0
1242	2017	77.0
1242	2018	87.0
1242	2019	112.0
1243	2011	869.0
1243	2012	892.0
1243	2013	949.0
1243	2014	946.0
1243	2015	1052.0
1243	2016	984.0
1243	2017	1007.0
1243	2018	949.0
1243	2019	878.0
1244	2011	162.0
1244	2012	134.0
1244	2013	138.0
1244	2014	154.0
1244	2015	173.0
1244	2016	131.0
1244	2017	145.0
1244	2018	145.0
1244	2019	133.0
1245	2011	364.0
1245	2012	322.0
1245	2013	349.0
1245	2014	353.0
1245	2015	432.0
1245	2016	347.0
1245	2017	319.0
1245	2018	259.0
1245	2019	335.0
1246	2011	1308.0
1246	2012	1294.0
1246	2013	1343.0
1246	2014	1440.0
1246	2015	1406.0
1246	2016	1423.0
1246	2017	1523.0
1246	2018	1371.0
1246	2019	1382.0
1247	2011	1300.0
1247	2012	1231.0
1247	2013	1251.0
1247	2014	1310.0
1247	2015	1418.0
1247	2016	1340.0
1247	2017	1201.0
1247	2018	1116.0
1247	2019	1090.0
1251	2011	133.0
1251	2012	136.0
1251	2013	141.0
1251	2014	117.0
1251	2015	141.0
1251	2016	121.0
1251	2017	141.0
1251	2018	115.0
1251	2019	103.0
1252	2011	16.0
1252	2012	29.0
1252	2013	12.0
1252	2014	8.0
1252	2015	26.0
1252	2016	15.0
1252	2017	14.0
1252	2018	19.0
1252	2019	13.0
1253	2011	291.0
1253	2012	309.0
1253	2013	319.0
1253	2014	275.0
1253	2015	291.0
1253	2016	276.0
1253	2017	268.0
1253	2018	250.0
1253	2019	221.0
1256	2011	504.0
1256	2012	529.0
1256	2013	463.0
1256	2014	514.0
1256	2015	430.0
1256	2016	516.0
1256	2017	428.0
1256	2018	450.0
1256	2019	433.0
1259	2011	263.0
1259	2012	307.0
1259	2013	301.0
1259	2014	257.0
1259	2015	255.0
1259	2016	226.0
1259	2017	159.0
1259	2018	233.0
1259	2019	168.0
1260	2011	214.0
1260	2012	221.0
1260	2013	209.0
1260	2014	177.0
1260	2015	216.0
1260	2016	216.0
1260	2017	242.0
1260	2018	200.0
1260	2019	221.0
1263	2011	681.0
1263	2012	699.0
1263	2013	757.0
1263	2014	878.0
1263	2015	838.0
1263	2016	760.0
1263	2017	739.0
1263	2018	703.0
1263	2019	672.0
1264	2011	131.0
1264	2012	167.0
1264	2013	154.0
1264	2014	159.0
1264	2015	159.0
1264	2016	118.0
1264	2017	148.0
1264	2018	129.0
1264	2019	139.0
1265	2011	14.0
1265	2012	30.0
1265	2013	15.0
1265	2014	16.0
1265	2015	22.0
1265	2016	20.0
1265	2017	9.0
1265	2018	24.0
1265	2019	21.0
1266	2011	56.0
1266	2012	61.0
1266	2013	42.0
1266	2014	56.0
1266	2015	69.0
1266	2016	73.0
1266	2017	60.0
1266	2018	47.0
1266	2019	59.0
1401	2011	274.0
1401	2012	237.0
1401	2013	329.0
1401	2014	304.0
1401	2015	337.0
1401	2016	288.0
1401	2017	279.0
1401	2018	269.0
1401	2019	270.0
1411	2011	65.0
1411	2012	44.0
1411	2013	61.0
1411	2014	55.0
1411	2015	76.0
1411	2016	94.0
1411	2017	72.0
1411	2018	88.0
1411	2019	64.0
1412	2011	22.0
1412	2012	23.0
1412	2013	14.0
1412	2014	35.0
1412	2015	26.0
1412	2016	33.0
1412	2017	17.0
1412	2018	28.0
1412	2019	27.0
1413	2011	27.0
1413	2012	28.0
1413	2013	39.0
1413	2014	56.0
1413	2015	43.0
1413	2016	54.0
1413	2017	34.0
1413	2018	49.0
1413	2019	39.0
1416	2011	115.0
1416	2012	123.0
1416	2013	101.0
1416	2014	103.0
1416	2015	107.0
1416	2016	119.0
1416	2017	136.0
1416	2018	93.0
1416	2019	111.0
1417	2011	55.0
1417	2012	63.0
1417	2013	44.0
1417	2014	38.0
1417	2015	81.0
1417	2016	71.0
1417	2017	53.0
1417	2018	53.0
1417	2019	63.0
1418	2011	40.0
1418	2012	49.0
1418	2013	33.0
1418	2014	34.0
1418	2015	34.0
1418	2016	41.0
1418	2017	42.0
1418	2018	38.0
1418	2019	40.0
1419	2011	80.0
1419	2012	92.0
1419	2013	92.0
1419	2014	81.0
1419	2015	96.0
1419	2016	91.0
1419	2017	72.0
1419	2018	73.0
1419	2019	100.0
1420	2011	403.0
1420	2012	373.0
1420	2013	415.0
1420	2014	374.0
1420	2015	449.0
1420	2016	476.0
1420	2017	490.0
1420	2018	481.0
1420	2019	459.0
1421	2011	72.0
1421	2012	68.0
1421	2013	51.0
1421	2014	56.0
1421	2015	77.0
1421	2016	71.0
1421	2017	64.0
1421	2018	65.0
1421	2019	63.0
1422	2011	55.0
1422	2012	47.0
1422	2013	49.0
1422	2014	51.0
1422	2015	68.0
1422	2016	56.0
1422	2017	86.0
1422	2018	76.0
1422	2019	58.0
1424	2011	73.0
1424	2012	60.0
1424	2013	65.0
1424	2014	80.0
1424	2015	122.0
1424	2016	114.0
1424	2017	101.0
1424	2018	106.0
1424	2019	103.0
1426	2011	86.0
1426	2012	167.0
1426	2013	181.0
1426	2014	162.0
1426	2015	131.0
1426	2016	159.0
1426	2017	129.0
1426	2018	147.0
1426	2019	116.0
1428	2011	63.0
1428	2012	59.0
1428	2013	107.0
1428	2014	81.0
1428	2015	109.0
1428	2016	99.0
1428	2017	79.0
1428	2018	82.0
1428	2019	88.0
1429	2011	89.0
1429	2012	83.0
1429	2013	86.0
1429	2014	88.0
1429	2015	90.0
1429	2016	115.0
1429	2017	94.0
1429	2018	54.0
1429	2019	94.0
1430	2011	124.0
1430	2012	143.0
1430	2013	110.0
1430	2014	99.0
1430	2015	83.0
1430	2016	110.0
1430	2017	114.0
1430	2018	97.0
1430	2019	98.0
1431	2011	106.0
1431	2012	117.0
1431	2013	117.0
1431	2014	69.0
1431	2015	131.0
1431	2016	94.0
1431	2017	131.0
1431	2018	119.0
1431	2019	112.0
1432	2011	542.0
1432	2012	589.0
1432	2013	575.0
1432	2014	528.0
1432	2015	561.0
1432	2016	520.0
1432	2017	627.0
1432	2018	520.0
1432	2019	556.0
1433	2011	119.0
1433	2012	95.0
1433	2013	125.0
1433	2014	111.0
1433	2015	148.0
1433	2016	111.0
1433	2017	99.0
1433	2018	102.0
1433	2019	91.0
1438	2011	88.0
1438	2012	73.0
1438	2013	110.0
1438	2014	100.0
1438	2015	86.0
1438	2016	90.0
1438	2017	84.0
1438	2018	71.0
1438	2019	62.0
1439	2011	160.0
1439	2012	96.0
1439	2013	128.0
1439	2014	139.0
1439	2015	133.0
1439	2016	156.0
1439	2017	136.0
1439	2018	142.0
1439	2019	144.0
1441	2011	99.0
1441	2012	87.0
1441	2013	77.0
1441	2014	55.0
1441	2015	88.0
1441	2016	90.0
1441	2017	62.0
1441	2018	77.0
1441	2019	63.0
1443	2011	211.0
1443	2012	180.0
1443	2013	152.0
1443	2014	171.0
1443	2015	182.0
1443	2016	175.0
1443	2017	218.0
1443	2018	181.0
1443	2019	189.0
1444	2011	38.0
1444	2012	34.0
1444	2013	24.0
1444	2014	30.0
1444	2015	21.0
1444	2016	40.0
1444	2017	17.0
1444	2018	31.0
1444	2019	41.0
1445	2011	114.0
1445	2012	134.0
1445	2013	154.0
1445	2014	149.0
1445	2015	155.0
1445	2016	129.0
1445	2017	154.0
1445	2018	156.0
1445	2019	127.0
1449	2011	168.0
1449	2012	164.0
1449	2013	171.0
1449	2014	174.0
1449	2015	175.0
1449	2016	175.0
1449	2017	176.0
1449	2018	181.0
1449	2019	149.0
1502	2011	1018.0
1502	2012	1119.0
1502	2013	992.0
1502	2014	1048.0
1502	2015	1129.0
1502	2016	1069.0
1502	2017	1079.0
1502	2018	990.0
1502	2019	1024.0
1504	2011	1810.0
1504	2012	1811.0
1504	2013	2015.0
1504	2014	1973.0
1504	2015	1919.0
1504	2016	2050.0
1504	2017	2082.0
1504	2018	2116.0
1504	2019	2461.0
1505	2011	755.0
1505	2012	848.0
1505	2013	874.0
1505	2014	841.0
1505	2015	753.0
1505	2016	753.0
1505	2017	749.0
1505	2018	737.0
1505	2019	683.0
1505	2020	789.0
1505	2021	896.0
1505	2022	837.0
1505	2023	1036.0
1505	2024	930.0
1505	2025	819.0
1506	2020	1207.0
1506	2021	1381.0
1506	2022	1337.0
1506	2023	1431.0
1506	2024	1414.0
1506	2025	1438.0
1507	2020	2436.0
1507	2021	2606.0
1507	2022	2399.0
1507	2023	2404.0
1508	2024	2584.0
1508	2025	2446.0
1511	2011	91.0
1511	2012	62.0
1511	2013	55.0
1511	2014	80.0
1511	2015	83.0
1511	2016	80.0
1511	2017	77.0
1511	2018	92.0
1511	2019	79.0
1511	2020	84.0
1511	2021	73.0
1511	2022	102.0
1511	2023	128.0
1511	2024	132.0
1511	2025	80.0
1514	2011	62.0
1514	2012	92.0
1514	2013	92.0
1514	2014	82.0
1514	2015	55.0
1514	2016	78.0
1514	2017	72.0
1514	2018	77.0
1514	2019	63.0
1514	2020	61.0
1514	2021	75.0
1514	2022	108.0
1514	2023	79.0
1514	2024	87.0
1514	2025	87.0
1515	2011	234.0
1515	2012	252.0
1515	2013	226.0
1515	2014	258.0
1515	2015	262.0
1515	2016	242.0
1515	2017	241.0
1515	2018	209.0
1515	2019	231.0
1515	2020	208.0
1515	2021	219.0
1515	2022	288.0
1515	2023	334.0
1515	2024	300.0
1515	2025	271.0
1516	2011	286.0
1516	2012	331.0
1516	2013	350.0
1516	2014	375.0
1516	2015	400.0
1516	2016	336.0
1516	2017	334.0
1516	2018	361.0
1516	2019	314.0
1516	2020	338.0
1516	2021	357.0
1516	2022	322.0
1516	2023	335.0
1516	2024	316.0
1516	2025	342.0
1517	2011	165.0
1517	2012	188.0
1517	2013	183.0
1517	2014	225.0
1517	2015	210.0
1517	2016	193.0
1517	2017	165.0
1517	2018	154.0
1517	2019	198.0
1517	2020	179.0
1517	2021	191.0
1517	2022	162.0
1517	2023	193.0
1517	2024	189.0
1517	2025	201.0
1519	2011	387.0
1519	2012	448.0
1519	2013	455.0
1519	2014	445.0
1519	2015	476.0
1519	2016	423.0
1519	2017	502.0
1519	2018	453.0
1519	2019	454.0
1520	2011	258.0
1520	2012	308.0
1520	2013	301.0
1520	2014	313.0
1520	2015	309.0
1520	2016	345.0
1520	2017	341.0
1520	2018	316.0
1520	2019	291.0
1520	2020	253.0
1520	2021	287.0
1520	2022	351.0
1520	2023	295.0
1520	2024	371.0
1520	2025	286.0
1523	2011	105.0
1523	2012	121.0
1523	2013	139.0
1523	2014	104.0
1523	2015	107.0
1523	2016	89.0
1523	2017	102.0
1523	2018	91.0
1523	2019	102.0
1524	2011	30.0
1524	2012	59.0
1524	2013	54.0
1524	2014	32.0
1524	2015	49.0
1524	2016	54.0
1524	2017	58.0
1524	2018	36.0
1524	2019	60.0
1525	2011	83.0
1525	2012	86.0
1525	2013	109.0
1525	2014	98.0
1525	2015	102.0
1525	2016	146.0
1525	2017	128.0
1525	2018	123.0
1525	2019	95.0
1525	2020	126.0
1525	2021	126.0
1525	2022	103.0
1525	2023	133.0
1525	2024	172.0
1525	2025	152.0
1526	2011	37.0
1526	2012	44.0
1526	2013	38.0
1526	2014	52.0
1526	2015	36.0
1526	2016	32.0
1526	2017	39.0
1526	2018	29.0
1526	2019	35.0
1528	2011	138.0
1528	2012	149.0
1528	2013	188.0
1528	2014	143.0
1528	2015	140.0
1528	2016	197.0
1528	2017	206.0
1528	2018	177.0
1528	2019	144.0
1528	2020	181.0
1528	2021	199.0
1528	2022	223.0
1528	2023	203.0
1528	2024	229.0
1528	2025	164.0
1529	2011	259.0
1529	2012	237.0
1529	2013	232.0
1529	2014	234.0
1529	2015	279.0
1529	2016	247.0
1529	2017	200.0
1529	2018	241.0
1529	2019	228.0
1531	2011	328.0
1531	2012	355.0
1531	2013	422.0
1531	2014	368.0
1531	2015	354.0
1531	2016	360.0
1531	2017	357.0
1531	2018	389.0
1531	2019	343.0
1531	2020	388.0
1531	2021	394.0
1531	2022	404.0
1531	2023	356.0
1531	2024	332.0
1531	2025	325.0
1532	2011	298.0
1532	2012	425.0
1532	2013	375.0
1532	2014	383.0
1532	2015	395.0
1532	2016	352.0
1532	2017	349.0
1532	2018	330.0
1532	2019	330.0
1532	2020	335.0
1532	2021	325.0
1532	2022	322.0
1532	2023	284.0
1532	2024	292.0
1532	2025	302.0
1534	2011	284.0
1534	2012	282.0
1534	2013	306.0
1534	2014	270.0
1534	2015	297.0
1534	2016	348.0
1534	2017	313.0
1534	2018	303.0
1534	2019	273.0
1535	2011	171.0
1535	2012	214.0
1535	2013	218.0
1535	2014	222.0
1535	2015	151.0
1535	2016	192.0
1535	2017	191.0
1535	2018	177.0
1535	2019	165.0
1535	2020	205.0
1535	2021	205.0
1535	2022	270.0
1535	2023	285.0
1535	2024	298.0
1535	2025	309.0
1539	2011	213.0
1539	2012	194.0
1539	2013	202.0
1539	2014	211.0
1539	2015	192.0
1539	2016	212.0
1539	2017	197.0
1539	2018	192.0
1539	2019	179.0
1539	2020	176.0
1539	2021	224.0
1539	2022	211.0
1539	2023	234.0
1539	2024	227.0
1539	2025	224.0
1543	2011	88.0
1543	2012	89.0
1543	2013	102.0
1543	2014	93.0
1543	2015	86.0
1543	2016	119.0
1543	2017	69.0
1543	2018	112.0
1543	2019	81.0
1545	2011	67.0
1545	2012	47.0
1545	2013	56.0
1545	2014	72.0
1545	2015	63.0
1545	2016	46.0
1545	2017	36.0
1545	2018	48.0
1545	2019	43.0
1546	2011	23.0
1546	2012	20.0
1546	2013	19.0
1546	2014	27.0
1546	2015	41.0
1546	2016	35.0
1546	2017	47.0
1546	2018	14.0
1546	2019	26.0
1547	2011	129.0
1547	2012	143.0
1547	2013	149.0
1547	2014	177.0
1547	2015	144.0
1547	2016	167.0
1547	2017	178.0
1547	2018	123.0
1547	2019	138.0
1547	2020	177.0
1547	2021	161.0
1547	2022	265.0
1547	2023	172.0
1547	2024	211.0
1547	2025	177.0
1548	2011	396.0
1548	2012	377.0
1548	2013	397.0
1548	2014	380.0
1548	2015	354.0
1548	2016	334.0
1548	2017	398.0
1548	2018	363.0
1548	2019	339.0
1551	2011	115.0
1551	2012	136.0
1551	2013	136.0
1551	2014	126.0
1551	2015	141.0
1551	2016	147.0
1551	2017	118.0
1551	2018	120.0
1551	2019	130.0
1554	2011	226.0
1554	2012	209.0
1554	2013	237.0
1554	2014	254.0
1554	2015	223.0
1554	2016	214.0
1554	2017	197.0
1554	2018	171.0
1554	2019	152.0
1554	2020	181.0
1554	2021	251.0
1554	2022	240.0
1554	2023	292.0
1554	2024	262.0
1554	2025	240.0
1557	2011	96.0
1557	2012	53.0
1557	2013	101.0
1557	2014	121.0
1557	2015	93.0
1557	2016	123.0
1557	2017	110.0
1557	2018	80.0
1557	2019	90.0
1557	2020	105.0
1557	2021	110.0
1557	2022	111.0
1557	2023	138.0
1557	2024	123.0
1557	2025	117.0
1560	2011	118.0
1560	2012	104.0
1560	2013	115.0
1560	2014	101.0
1560	2015	155.0
1560	2016	118.0
1560	2017	122.0
1560	2018	102.0
1560	2019	96.0
1560	2020	109.0
1560	2021	119.0
1560	2022	152.0
1560	2023	118.0
1560	2024	143.0
1560	2025	129.0
1563	2011	129.0
1563	2012	158.0
1563	2013	141.0
1563	2014	158.0
1563	2015	169.0
1563	2016	165.0
1563	2017	194.0
1563	2018	181.0
1563	2019	138.0
1563	2020	145.0
1563	2021	178.0
1563	2022	244.0
1563	2023	303.0
1563	2024	198.0
1563	2025	162.0
1566	2011	160.0
1566	2012	159.0
1566	2013	183.0
1566	2014	164.0
1566	2015	153.0
1566	2016	191.0
1566	2017	122.0
1566	2018	116.0
1566	2019	153.0
1566	2020	130.0
1566	2021	136.0
1566	2022	174.0
1566	2023	211.0
1566	2024	171.0
1566	2025	175.0
1567	2011	71.0
1567	2012	40.0
1567	2013	42.0
1567	2014	52.0
1567	2015	71.0
1567	2016	47.0
1567	2017	50.0
1567	2018	50.0
1571	2011	59.0
1571	2012	44.0
1571	2013	47.0
1571	2014	46.0
1571	2015	65.0
1571	2016	83.0
1571	2017	45.0
1571	2018	52.0
1571	2019	51.0
1573	2011	63.0
1573	2012	66.0
1573	2013	52.0
1573	2014	43.0
1573	2015	56.0
1573	2016	64.0
1573	2017	43.0
1573	2018	55.0
1573	2019	57.0
1573	2020	59.0
1573	2021	84.0
1573	2022	89.0
1573	2023	87.0
1573	2024	89.0
1573	2025	72.0
1576	2011	98.0
1576	2012	112.0
1576	2013	123.0
1576	2014	93.0
1576	2015	109.0
1576	2016	149.0
1576	2017	120.0
1576	2018	112.0
1576	2019	95.0
1576	2020	98.0
1576	2021	73.0
1576	2022	102.0
1576	2023	139.0
1576	2024	125.0
1576	2025	136.0
1577	2020	838.0
1577	2021	698.0
1577	2022	728.0
1577	2023	792.0
1577	2024	692.0
1577	2025	515.0
1578	2020	74.0
1578	2021	102.0
1578	2022	105.0
1578	2023	98.0
1578	2024	100.0
1578	2025	116.0
1579	2020	441.0
1579	2021	463.0
1579	2022	463.0
1579	2023	520.0
1579	2024	465.0
1579	2025	506.0
1580	2024	331.0
1580	2025	351.0
5001	2018	8818.0
5001	2019	9082.0
5001	2020	9969.0
5001	2021	10849.0
5001	2022	9461.0
5001	2023	9663.0
5001	2024	9455.0
5001	2025	9514.0
5004	2018	755.0
5004	2019	747.0
5005	2018	531.0
5005	2019	478.0
5006	2020	716.0
5006	2021	812.0
5006	2022	870.0
5006	2023	859.0
5006	2024	816.0
5006	2025	749.0
5007	2020	573.0
5007	2021	571.0
5007	2022	540.0
5007	2023	580.0
5007	2024	615.0
5007	2025	492.0
5011	2018	120.0
5011	2019	108.0
5012	2018	45.0
5012	2019	26.0
5013	2018	264.0
5013	2019	221.0
5014	2018	211.0
5014	2019	189.0
5014	2020	225.0
5014	2021	255.0
5014	2022	217.0
5014	2023	231.0
5014	2024	250.0
5014	2025	248.0
5015	2018	240.0
5015	2019	253.0
5016	2018	63.0
5016	2019	58.0
5017	2018	251.0
5017	2019	211.0
5018	2018	118.0
5018	2019	84.0
5019	2018	34.0
5019	2019	21.0
5020	2018	24.0
5020	2019	39.0
5020	2020	21.0
5020	2021	32.0
5020	2022	37.0
5020	2023	34.0
5020	2024	39.0
5020	2025	46.0
5021	2018	203.0
5021	2019	189.0
5021	2020	188.0
5021	2021	254.0
5021	2022	274.0
5021	2023	329.0
5021	2024	251.0
5021	2025	238.0
5022	2018	87.0
5022	2019	82.0
5022	2020	93.0
5022	2021	92.0
5022	2022	93.0
5022	2023	104.0
5022	2024	124.0
5022	2025	112.0
5023	2018	161.0
5023	2019	139.0
5024	2018	513.0
5024	2019	494.0
5025	2018	207.0
5025	2019	236.0
5025	2020	232.0
5025	2021	246.0
5025	2022	215.0
5025	2023	313.0
5025	2024	236.0
5025	2025	233.0
5026	2018	64.0
5026	2019	50.0
5026	2020	73.0
5026	2021	70.0
5026	2022	69.0
5026	2023	72.0
5026	2024	58.0
5026	2025	49.0
5027	2018	212.0
5027	2019	185.0
5027	2020	194.0
5027	2021	180.0
5027	2022	263.0
5027	2023	251.0
5027	2024	231.0
5027	2025	200.0
5028	2018	832.0
5028	2019	858.0
5028	2020	922.0
5028	2021	891.0
5028	2022	932.0
5028	2023	928.0
5028	2024	914.0
5028	2025	858.0
5029	2018	437.0
5029	2019	412.0
5029	2020	438.0
5029	2021	394.0
5029	2022	442.0
5029	2023	384.0
5029	2024	390.0
5029	2025	419.0
5030	2018	329.0
5030	2019	370.0
5031	2018	851.0
5031	2019	838.0
5031	2020	936.0
5031	2021	805.0
5031	2022	827.0
5031	2023	919.0
5031	2024	861.0
5031	2025	777.0
5032	2018	130.0
5032	2019	148.0
5032	2020	148.0
5032	2021	183.0
5032	2022	161.0
5032	2023	177.0
5032	2024	190.0
5032	2025	188.0
5033	2018	17.0
5033	2019	21.0
5033	2020	17.0
5033	2021	27.0
5033	2022	31.0
5033	2023	50.0
5033	2024	39.0
5033	2025	22.0
5034	2018	70.0
5034	2019	81.0
5034	2020	106.0
5034	2021	104.0
5034	2022	110.0
5034	2023	103.0
5034	2024	113.0
5034	2025	109.0
5035	2018	929.0
5035	2019	898.0
5035	2020	1058.0
5035	2021	977.0
5035	2022	1001.0
5035	2023	1084.0
5035	2024	1048.0
5035	2025	1014.0
5036	2018	102.0
5036	2019	103.0
5036	2020	97.0
5036	2021	139.0
5036	2022	165.0
5036	2023	118.0
5036	2024	126.0
5036	2025	120.0
5037	2018	798.0
5037	2019	785.0
5037	2020	850.0
5037	2021	884.0
5037	2022	855.0
5037	2023	897.0
5037	2024	901.0
5037	2025	902.0
5038	2018	434.0
5038	2019	503.0
5038	2020	558.0
5038	2021	489.0
5038	2022	519.0
5038	2023	619.0
5038	2024	636.0
5038	2025	458.0
5039	2018	101.0
5039	2019	98.0
5040	2018	53.0
5040	2019	50.0
5041	2018	63.0
5041	2019	45.0
5041	2020	59.0
5041	2021	47.0
5041	2022	76.0
5041	2023	75.0
5041	2024	82.0
5041	2025	77.0
5042	2018	57.0
5042	2019	18.0
5042	2020	31.0
5042	2021	22.0
5042	2022	50.0
5042	2023	45.0
5042	2024	49.0
5042	2025	44.0
5043	2018	24.0
5043	2019	12.0
5043	2020	18.0
5043	2021	13.0
5043	2022	14.0
5043	2023	20.0
5043	2024	45.0
5043	2025	25.0
5044	2018	29.0
5044	2019	45.0
5044	2020	44.0
5044	2021	32.0
5044	2022	36.0
5044	2023	61.0
5044	2024	64.0
5044	2025	39.0
5045	2018	83.0
5045	2019	90.0
5045	2020	96.0
5045	2021	70.0
5045	2022	108.0
5045	2023	142.0
5045	2024	87.0
5045	2025	88.0
5046	2018	36.0
5046	2019	31.0
5046	2020	28.0
5046	2021	38.0
5046	2022	49.0
5046	2023	62.0
5046	2024	54.0
5046	2025	30.0
5047	2018	141.0
5047	2019	131.0
5047	2020	144.0
5047	2021	131.0
5047	2022	172.0
5047	2023	205.0
5047	2024	176.0
5047	2025	150.0
5048	2018	20.0
5048	2019	42.0
5049	2018	36.0
5049	2019	55.0
5049	2020	58.0
5049	2021	52.0
5049	2022	60.0
5049	2023	51.0
5049	2024	58.0
5049	2025	51.0
5050	2018	212.0
5050	2019	192.0
5051	2018	203.0
5051	2019	209.0
5052	2018	17.0
5052	2019	10.0
5052	2020	21.0
5052	2021	33.0
5052	2022	33.0
5052	2023	43.0
5052	2024	26.0
5052	2025	23.0
5053	2018	291.0
5053	2019	294.0
5053	2020	287.0
5053	2021	354.0
5053	2022	345.0
5053	2023	366.0
5053	2024	358.0
5053	2025	338.0
5054	2018	278.0
5054	2019	350.0
5054	2020	261.0
5054	2021	335.0
5054	2022	299.0
5054	2023	326.0
5054	2024	337.0
5054	2025	327.0
5055	2020	147.0
5055	2021	151.0
5055	2022	206.0
5055	2023	253.0
5055	2024	261.0
5055	2025	214.0
5056	2020	275.0
5056	2021	264.0
5056	2022	260.0
5056	2023	217.0
5056	2024	246.0
5056	2025	286.0
5057	2020	351.0
5057	2021	400.0
5057	2022	417.0
5057	2023	426.0
5057	2024	418.0
5057	2025	446.0
5058	2020	157.0
5058	2021	150.0
5058	2022	137.0
5058	2023	213.0
5058	2024	166.0
5058	2025	145.0
5059	2020	679.0
5059	2021	752.0
5059	2022	718.0
5059	2023	678.0
5059	2024	648.0
5059	2025	653.0
5060	2020	270.0
5060	2021	351.0
5060	2022	316.0
5060	2023	359.0
5060	2024	260.0
5060	2025	317.0
5061	2019	48.0
5061	2020	38.0
5061	2021	51.0
5061	2022	59.0
5061	2023	61.0
5061	2024	58.0
5061	2025	65.0
1601	2011	8029.0
1601	2012	8257.0
1601	2013	8426.0
1601	2014	8699.0
1601	2015	8811.0
1601	2016	9015.0
1601	2017	9199.0
1612	2011	120.0
1612	2012	91.0
1612	2013	116.0
1612	2014	123.0
1612	2015	100.0
1612	2016	107.0
1612	2017	96.0
1613	2011	20.0
1613	2012	48.0
1613	2013	40.0
1613	2014	41.0
1613	2015	39.0
1613	2016	32.0
1613	2017	37.0
1617	2011	176.0
1617	2012	187.0
1617	2013	178.0
1617	2014	203.0
1617	2015	220.0
1617	2016	196.0
1617	2017	181.0
1620	2011	133.0
1620	2012	165.0
1620	2013	141.0
1620	2014	172.0
1620	2015	182.0
1620	2016	210.0
1620	2017	189.0
1621	2011	206.0
1621	2012	235.0
1621	2013	217.0
1621	2014	273.0
1621	2015	252.0
1621	2016	304.0
1621	2017	292.0
1622	2011	52.0
1622	2012	63.0
1622	2013	76.0
1622	2014	83.0
1622	2015	35.0
1622	2016	56.0
1622	2017	48.0
1624	2011	231.0
1624	2012	230.0
1624	2013	246.0
1624	2014	240.0
1624	2015	262.0
1624	2016	220.0
1624	2017	241.0
1627	2011	192.0
1627	2012	231.0
1627	2013	207.0
1627	2014	223.0
1627	2015	266.0
1627	2016	243.0
1627	2017	266.0
1630	2011	93.0
1630	2012	91.0
1630	2013	130.0
1630	2014	104.0
1630	2015	113.0
1630	2016	91.0
1630	2017	113.0
1632	2011	29.0
1632	2012	41.0
1632	2013	41.0
1632	2014	24.0
1632	2015	33.0
1632	2016	29.0
1632	2017	32.0
1633	2011	27.0
1633	2012	26.0
1633	2013	28.0
1633	2014	49.0
1633	2015	21.0
1633	2016	44.0
1633	2017	34.0
1634	2011	194.0
1634	2012	171.0
1634	2013	214.0
1634	2014	226.0
1634	2015	200.0
1634	2016	216.0
1634	2017	195.0
1635	2011	65.0
1635	2012	82.0
1635	2013	120.0
1635	2014	96.0
1635	2015	86.0
1635	2016	107.0
1635	2017	98.0
1636	2011	200.0
1636	2012	204.0
1636	2013	182.0
1636	2014	183.0
1636	2015	191.0
1636	2016	174.0
1636	2017	154.0
1638	2011	441.0
1638	2012	510.0
1638	2013	483.0
1638	2014	454.0
1638	2015	450.0
1638	2016	485.0
1638	2017	465.0
1640	2011	224.0
1640	2012	195.0
1640	2013	195.0
1640	2014	221.0
1640	2015	183.0
1640	2016	207.0
1640	2017	214.0
1644	2011	38.0
1644	2012	62.0
1644	2013	48.0
1644	2014	60.0
1644	2015	79.0
1644	2016	84.0
1644	2017	59.0
1648	2011	184.0
1648	2012	234.0
1648	2013	211.0
1648	2014	175.0
1648	2015	204.0
1648	2016	187.0
1648	2017	175.0
1653	2011	875.0
1653	2012	882.0
1653	2013	821.0
1653	2014	761.0
1653	2015	892.0
1653	2016	746.0
1653	2017	830.0
1657	2011	449.0
1657	2012	492.0
1657	2013	578.0
1657	2014	572.0
1657	2015	450.0
1657	2016	487.0
1657	2017	501.0
1662	2011	358.0
1662	2012	318.0
1662	2013	381.0
1662	2014	356.0
1662	2015	402.0
1662	2016	291.0
1662	2017	373.0
1663	2011	788.0
1663	2012	859.0
1663	2013	854.0
1663	2014	860.0
1663	2015	902.0
1663	2016	847.0
1663	2017	896.0
1664	2011	173.0
1664	2012	148.0
1664	2013	158.0
1664	2014	176.0
1664	2015	169.0
1664	2016	142.0
1664	2017	124.0
1665	2011	26.0
1665	2012	19.0
1665	2013	25.0
1665	2014	30.0
1665	2015	22.0
1665	2016	40.0
1665	2017	18.0
1702	2011	821.0
1702	2012	747.0
1702	2013	721.0
1702	2014	784.0
1702	2015	859.0
1702	2016	850.0
1702	2017	791.0
1703	2011	475.0
1703	2012	498.0
1703	2013	502.0
1703	2014	456.0
1703	2015	432.0
1703	2016	519.0
1703	2017	556.0
1711	2011	92.0
1711	2012	97.0
1711	2013	106.0
1711	2014	98.0
1711	2015	76.0
1711	2016	80.0
1711	2017	118.0
1714	2011	961.0
1714	2012	937.0
1714	2013	950.0
1714	2014	899.0
1714	2015	1018.0
1714	2016	956.0
1714	2017	1050.0
1717	2011	96.0
1717	2012	112.0
1717	2013	106.0
1717	2014	86.0
1717	2015	94.0
1717	2016	100.0
1717	2017	89.0
1718	2011	122.0
1718	2012	119.0
1718	2013	118.0
1718	2014	97.0
1718	2015	128.0
1718	2016	98.0
1718	2017	127.0
1719	2011	735.0
1719	2012	779.0
1719	2013	747.0
1719	2014	845.0
1719	2015	758.0
1719	2016	879.0
1719	2017	917.0
1721	2011	409.0
1721	2012	453.0
1721	2013	641.0
1721	2014	442.0
1721	2015	467.0
1721	2016	470.0
1721	2017	495.0
1723	2011	33.0
1724	2011	157.0
1724	2012	158.0
1724	2013	117.0
1724	2014	117.0
1724	2015	143.0
1724	2016	114.0
1724	2017	106.0
1725	2011	69.0
1725	2012	76.0
1725	2013	59.0
1725	2014	64.0
1725	2015	48.0
1725	2016	42.0
1725	2017	66.0
1729	2011	264.0
1736	2011	56.0
1736	2012	56.0
1736	2013	63.0
1736	2014	65.0
1736	2015	53.0
1736	2016	67.0
1736	2017	59.0
1738	2011	36.0
1738	2012	36.0
1738	2013	23.0
1738	2014	48.0
1738	2015	21.0
1738	2016	50.0
1738	2017	24.0
1739	2011	22.0
1739	2012	18.0
1739	2013	17.0
1739	2014	6.0
1739	2015	11.0
1739	2016	20.0
1739	2017	17.0
1740	2011	39.0
1740	2012	42.0
1740	2013	50.0
1740	2014	37.0
1740	2015	32.0
1740	2016	33.0
1740	2017	61.0
1742	2011	110.0
1742	2012	94.0
1742	2013	85.0
1742	2014	131.0
1742	2015	111.0
1742	2016	93.0
1742	2017	103.0
1743	2011	39.0
1743	2012	27.0
1743	2013	25.0
1743	2014	22.0
1743	2015	38.0
1743	2016	47.0
1743	2017	42.0
1744	2011	172.0
1744	2012	136.0
1744	2013	165.0
1744	2014	174.0
1744	2015	174.0
1744	2016	167.0
1744	2017	164.0
1748	2011	58.0
1748	2012	39.0
1748	2013	22.0
1748	2014	19.0
1748	2015	30.0
1748	2016	25.0
1748	2017	35.0
1749	2011	41.0
1749	2012	40.0
1749	2013	23.0
1749	2014	37.0
1749	2015	29.0
1749	2016	35.0
1749	2017	66.0
1750	2011	219.0
1750	2012	200.0
1750	2013	190.0
1750	2014	196.0
1750	2015	163.0
1750	2016	174.0
1750	2017	215.0
1751	2011	244.0
1751	2012	204.0
1751	2013	189.0
1751	2014	194.0
1751	2015	211.0
1751	2016	243.0
1751	2017	248.0
1755	2011	11.0
1755	2012	27.0
1755	2013	16.0
1755	2014	31.0
1755	2015	24.0
1755	2016	46.0
1755	2017	33.0
1756	2012	281.0
1756	2013	294.0
1756	2014	345.0
1756	2015	339.0
1756	2016	324.0
1756	2017	293.0
1804	2011	1803.0
1804	2012	1756.0
1804	2013	1667.0
1804	2014	1726.0
1804	2015	1806.0
1804	2016	1815.0
1804	2017	1968.0
1804	2018	1918.0
1804	2019	1892.0
1804	2020	1856.0
1804	2021	1988.0
1804	2022	1850.0
1804	2023	1974.0
1804	2024	1928.0
1804	2025	1895.0
1805	2011	559.0
1805	2012	522.0
1805	2013	660.0
1805	2014	651.0
1805	2015	562.0
1805	2016	549.0
1805	2017	563.0
1805	2018	627.0
1805	2019	568.0
1806	2020	607.0
1806	2021	735.0
1806	2022	708.0
1806	2023	823.0
1806	2024	769.0
1806	2025	739.0
1811	2011	47.0
1811	2012	41.0
1811	2013	45.0
1811	2014	46.0
1811	2015	40.0
1811	2016	59.0
1811	2017	67.0
1811	2018	22.0
1811	2019	39.0
1811	2020	38.0
1811	2021	61.0
1811	2022	44.0
1811	2023	56.0
1811	2024	41.0
1811	2025	60.0
1812	2011	93.0
1812	2012	103.0
1812	2013	86.0
1812	2014	84.0
1812	2015	77.0
1812	2016	87.0
1812	2017	78.0
1812	2018	86.0
1812	2019	87.0
1812	2020	108.0
1812	2021	71.0
1812	2022	99.0
1812	2023	87.0
1812	2024	86.0
1812	2025	92.0
1813	2011	284.0
1813	2012	292.0
1813	2013	281.0
1813	2014	284.0
1813	2015	209.0
1813	2016	240.0
1813	2017	259.0
1813	2018	239.0
1813	2019	242.0
1813	2020	216.0
1813	2021	270.0
1813	2022	282.0
1813	2023	334.0
1813	2024	290.0
1813	2025	289.0
1815	2011	33.0
1815	2012	31.0
1815	2013	42.0
1815	2014	46.0
1815	2015	56.0
1815	2016	40.0
1815	2017	36.0
1815	2018	44.0
1815	2019	55.0
1815	2020	62.0
1815	2021	59.0
1815	2022	78.0
1815	2023	61.0
1815	2024	42.0
1815	2025	47.0
1816	2011	14.0
1816	2012	16.0
1816	2013	18.0
1816	2014	20.0
1816	2015	16.0
1816	2016	41.0
1816	2017	14.0
1816	2018	25.0
1816	2019	21.0
1816	2020	13.0
1816	2021	25.0
1816	2022	21.0
1816	2023	39.0
1816	2024	9.0
1816	2025	16.0
1818	2011	60.0
1818	2012	68.0
1818	2013	42.0
1818	2014	69.0
1818	2015	55.0
1818	2016	59.0
1818	2017	67.0
1818	2018	55.0
1818	2019	70.0
1818	2020	78.0
1818	2021	88.0
1818	2022	82.0
1818	2023	110.0
1818	2024	77.0
1818	2025	68.0
1820	2011	303.0
1820	2012	244.0
1820	2013	301.0
1820	2014	282.0
1820	2015	278.0
1820	2016	288.0
1820	2017	263.0
1820	2018	269.0
1820	2019	308.0
1820	2020	253.0
1820	2021	277.0
1820	2022	293.0
1820	2023	415.0
1820	2024	349.0
1820	2025	311.0
1822	2011	77.0
1822	2012	131.0
1822	2013	134.0
1822	2014	107.0
1822	2015	131.0
1822	2016	114.0
1822	2017	120.0
1822	2018	115.0
1822	2019	76.0
1822	2020	108.0
1822	2021	96.0
1822	2022	112.0
1822	2023	153.0
1822	2024	106.0
1822	2025	105.0
1824	2011	342.0
1824	2012	313.0
1824	2013	354.0
1824	2014	409.0
1824	2015	394.0
1824	2016	392.0
1824	2017	402.0
1824	2018	366.0
1824	2019	325.0
1824	2020	368.0
1824	2021	407.0
1824	2022	412.0
1824	2023	441.0
1824	2024	409.0
1824	2025	377.0
1825	2011	49.0
1825	2012	48.0
1825	2013	52.0
1825	2014	25.0
1825	2015	41.0
1825	2016	43.0
1825	2017	42.0
1825	2018	61.0
1825	2019	46.0
1825	2020	51.0
1825	2021	59.0
1825	2022	66.0
1825	2023	63.0
1825	2024	48.0
1825	2025	50.0
1826	2011	36.0
1826	2012	34.0
1826	2013	26.0
1826	2014	40.0
1826	2015	30.0
1826	2016	30.0
1826	2017	40.0
1826	2018	28.0
1826	2019	28.0
1826	2020	30.0
1826	2021	54.0
1826	2022	32.0
1826	2023	58.0
1826	2024	52.0
1826	2025	28.0
1827	2011	47.0
1827	2012	59.0
1827	2013	56.0
1827	2014	42.0
1827	2015	65.0
1827	2016	43.0
1827	2017	55.0
1827	2018	50.0
1827	2019	41.0
1827	2020	49.0
1827	2021	57.0
1827	2022	69.0
1827	2023	89.0
1827	2024	83.0
1827	2025	66.0
1828	2011	117.0
1828	2012	122.0
1828	2013	124.0
1828	2014	70.0
1828	2015	124.0
1828	2016	94.0
1828	2017	121.0
1828	2018	76.0
1828	2019	61.0
1828	2020	67.0
1828	2021	82.0
1828	2022	99.0
1828	2023	81.0
1828	2024	71.0
1828	2025	103.0
1832	2011	116.0
1832	2012	122.0
1832	2013	122.0
1832	2014	155.0
1832	2015	120.0
1832	2016	166.0
1832	2017	147.0
1832	2018	150.0
1832	2019	108.0
1832	2020	147.0
1832	2021	177.0
1832	2022	174.0
1832	2023	186.0
1832	2024	147.0
1832	2025	138.0
1833	2011	611.0
1833	2012	604.0
1833	2013	616.0
1833	2014	568.0
1833	2015	587.0
1833	2016	595.0
1833	2017	677.0
1833	2018	634.0
1833	2019	525.0
1833	2020	575.0
1833	2021	680.0
1833	2022	607.0
1833	2023	583.0
1833	2024	554.0
1833	2025	607.0
1834	2011	74.0
1834	2012	76.0
1834	2013	69.0
1834	2014	71.0
1834	2015	75.0
1834	2016	80.0
1834	2017	77.0
1834	2018	78.0
1834	2019	72.0
1834	2020	81.0
1834	2021	102.0
1834	2022	84.0
1834	2023	108.0
1834	2024	130.0
1834	2025	113.0
1835	2011	12.0
1835	2012	25.0
1835	2013	18.0
1835	2014	22.0
1835	2015	12.0
1835	2016	16.0
1835	2017	23.0
1835	2018	16.0
1835	2019	10.0
1835	2020	19.0
1835	2021	28.0
1835	2022	24.0
1835	2023	28.0
1835	2024	34.0
1835	2025	24.0
1836	2011	58.0
1836	2012	56.0
1836	2013	44.0
1836	2014	36.0
1836	2015	47.0
1836	2016	42.0
1836	2017	28.0
1836	2018	27.0
1836	2019	26.0
1836	2020	36.0
1836	2021	32.0
1836	2022	68.0
1836	2023	53.0
1836	2024	65.0
1836	2025	52.0
1837	2011	195.0
1837	2012	199.0
1837	2013	186.0
1837	2014	206.0
1837	2015	200.0
1837	2016	181.0
1837	2017	124.0
1837	2018	155.0
1837	2019	191.0
1837	2020	186.0
1837	2021	190.0
1837	2022	221.0
1837	2023	224.0
1837	2024	168.0
1837	2025	188.0
1838	2011	93.0
1838	2012	77.0
1838	2013	104.0
1838	2014	87.0
1838	2015	111.0
1838	2016	110.0
1838	2017	110.0
1838	2018	85.0
1838	2019	90.0
1838	2020	119.0
1838	2021	105.0
1838	2022	128.0
1838	2023	152.0
1838	2024	130.0
1838	2025	137.0
1839	2011	34.0
1839	2012	30.0
1839	2013	40.0
1839	2014	18.0
1839	2015	27.0
1839	2016	34.0
1839	2017	32.0
1839	2018	44.0
1839	2019	33.0
1839	2020	16.0
1839	2021	48.0
1839	2022	48.0
1839	2023	71.0
1839	2024	42.0
1839	2025	41.0
1840	2011	181.0
1840	2012	156.0
1840	2013	133.0
1840	2014	172.0
1840	2015	182.0
1840	2016	132.0
1840	2017	180.0
1840	2018	138.0
1840	2019	139.0
1840	2020	149.0
1840	2021	160.0
1840	2022	168.0
1840	2023	230.0
1840	2024	181.0
1840	2025	153.0
1841	2011	348.0
1841	2012	322.0
1841	2013	373.0
1841	2014	378.0
1841	2015	361.0
1841	2016	418.0
1841	2017	367.0
1841	2018	347.0
1841	2019	350.0
1841	2020	312.0
1841	2021	378.0
1841	2022	339.0
1841	2023	337.0
1841	2024	310.0
1841	2025	321.0
1845	2011	83.0
1845	2012	65.0
1845	2013	90.0
1845	2014	61.0
1845	2015	103.0
1845	2016	75.0
1845	2017	101.0
1845	2018	81.0
1845	2019	80.0
1845	2020	84.0
1845	2021	79.0
1845	2022	79.0
1845	2023	75.0
1845	2024	85.0
1845	2025	70.0
1848	2011	91.0
1848	2012	61.0
1848	2013	126.0
1848	2014	88.0
1848	2015	153.0
1848	2016	85.0
1848	2017	111.0
1848	2018	159.0
1848	2019	125.0
1848	2020	134.0
1848	2021	121.0
1848	2022	142.0
1848	2023	126.0
1848	2024	119.0
1848	2025	138.0
1849	2011	72.0
1849	2012	105.0
1849	2013	79.0
1849	2014	95.0
1849	2015	101.0
1849	2016	98.0
1849	2017	97.0
1849	2018	75.0
1849	2019	67.0
1850	2011	60.0
1850	2012	89.0
1850	2013	79.0
1850	2014	75.0
1850	2015	61.0
1850	2016	68.0
1850	2017	78.0
1850	2018	60.0
1850	2019	64.0
1851	2011	63.0
1851	2012	75.0
1851	2013	92.0
1851	2014	70.0
1851	2015	83.0
1851	2016	87.0
1851	2017	80.0
1851	2018	90.0
1851	2019	84.0
1851	2020	84.0
1851	2021	91.0
1851	2022	75.0
1851	2023	118.0
1851	2024	96.0
1851	2025	99.0
1852	2011	50.0
1852	2012	82.0
1852	2013	74.0
1852	2014	92.0
1852	2015	67.0
1852	2016	52.0
1852	2017	70.0
1852	2018	74.0
1852	2019	61.0
1853	2011	79.0
1853	2012	51.0
1853	2013	66.0
1853	2014	71.0
1853	2015	76.0
1853	2016	74.0
1853	2017	52.0
1853	2018	59.0
1853	2019	45.0
1853	2020	78.0
1853	2021	88.0
1853	2022	77.0
1853	2023	112.0
1853	2024	129.0
1853	2025	122.0
1854	2011	86.0
1854	2012	102.0
1854	2013	98.0
1854	2014	127.0
1854	2015	101.0
1854	2016	92.0
1854	2017	68.0
1854	2018	76.0
1854	2019	90.0
1856	2011	24.0
1856	2012	13.0
1856	2013	19.0
1856	2014	20.0
1856	2015	26.0
1856	2016	13.0
1856	2017	7.0
1856	2018	13.0
1856	2019	22.0
1856	2020	20.0
1856	2021	14.0
1856	2022	30.0
1856	2023	27.0
1856	2024	21.0
1856	2025	33.0
1857	2011	26.0
1857	2012	31.0
1857	2013	16.0
1857	2014	26.0
1857	2015	31.0
1857	2016	31.0
1857	2017	30.0
1857	2018	21.0
1857	2019	21.0
1857	2020	23.0
1857	2021	26.0
1857	2022	43.0
1857	2023	26.0
1857	2024	19.0
1857	2025	27.0
1859	2011	57.0
1859	2012	45.0
1859	2013	64.0
1859	2014	48.0
1859	2015	65.0
1859	2016	84.0
1859	2017	48.0
1859	2018	61.0
1859	2019	66.0
1859	2020	46.0
1859	2021	50.0
1859	2022	71.0
1859	2023	90.0
1859	2024	111.0
1859	2025	84.0
1860	2011	352.0
1860	2012	382.0
1860	2013	419.0
1860	2014	400.0
1860	2015	391.0
1860	2016	422.0
1860	2017	443.0
1860	2018	465.0
1860	2019	370.0
1860	2020	450.0
1860	2021	451.0
1860	2022	501.0
1860	2023	543.0
1860	2024	429.0
1860	2025	451.0
1865	2011	348.0
1865	2012	338.0
1865	2013	299.0
1865	2014	324.0
1865	2015	353.0
1865	2016	402.0
1865	2017	422.0
1865	2018	350.0
1865	2019	378.0
1865	2020	407.0
1865	2021	459.0
1865	2022	460.0
1865	2023	543.0
1865	2024	497.0
1865	2025	414.0
1866	2011	296.0
1866	2012	306.0
1866	2013	325.0
1866	2014	254.0
1866	2015	348.0
1866	2016	288.0
1866	2017	313.0
1866	2018	326.0
1866	2019	329.0
1866	2020	373.0
1866	2021	361.0
1866	2022	359.0
1866	2023	409.0
1866	2024	406.0
1866	2025	369.0
1867	2011	94.0
1867	2012	99.0
1867	2013	77.0
1867	2014	106.0
1867	2015	128.0
1867	2016	116.0
1867	2017	107.0
1867	2018	78.0
1867	2019	103.0
1867	2020	139.0
1867	2021	116.0
1867	2022	116.0
1867	2023	150.0
1867	2024	134.0
1867	2025	133.0
1868	2011	145.0
1868	2012	146.0
1868	2013	155.0
1868	2014	156.0
1868	2015	160.0
1868	2016	151.0
1868	2017	134.0
1868	2018	133.0
1868	2019	131.0
1868	2020	145.0
1868	2021	182.0
1868	2022	126.0
1868	2023	203.0
1868	2024	205.0
1868	2025	182.0
1870	2011	408.0
1870	2012	390.0
1870	2013	398.0
1870	2014	404.0
1870	2015	438.0
1870	2016	500.0
1870	2017	383.0
1870	2018	435.0
1870	2019	443.0
1870	2020	428.0
1870	2021	438.0
1870	2022	474.0
1870	2023	568.0
1870	2024	579.0
1870	2025	475.0
1871	2011	166.0
1871	2012	177.0
1871	2013	156.0
1871	2014	210.0
1871	2015	194.0
1871	2016	190.0
1871	2017	167.0
1871	2018	155.0
1871	2019	154.0
1871	2020	168.0
1871	2021	217.0
1871	2022	203.0
1871	2023	195.0
1871	2024	190.0
1871	2025	186.0
1874	2011	44.0
1874	2012	62.0
1874	2013	29.0
1874	2014	31.0
1874	2015	48.0
1874	2016	42.0
1874	2017	54.0
1874	2018	38.0
1874	2019	44.0
1874	2020	40.0
1874	2021	44.0
1874	2022	53.0
1874	2023	46.0
1874	2024	43.0
1874	2025	56.0
1875	2020	97.0
1875	2021	129.0
1875	2022	125.0
1875	2023	179.0
1875	2024	187.0
1875	2025	180.0
5501	2024	3362.0
5501	2025	3162.0
5503	2024	948.0
5503	2025	1041.0
5510	2024	150.0
5510	2025	158.0
5512	2024	196.0
5512	2025	230.0
5514	2024	58.0
5514	2025	65.0
5516	2024	56.0
5516	2025	76.0
5518	2024	40.0
5518	2025	39.0
5520	2024	249.0
5520	2025	303.0
5522	2024	95.0
5522	2025	116.0
5524	2024	488.0
5524	2025	494.0
5526	2024	191.0
5526	2025	185.0
5528	2024	62.0
5528	2025	56.0
5530	2024	648.0
5530	2025	590.0
5532	2024	305.0
5532	2025	284.0
5534	2024	119.0
5534	2025	115.0
5536	2024	122.0
5536	2025	116.0
5538	2024	85.0
5538	2025	81.0
5540	2024	77.0
5540	2025	90.0
5542	2024	116.0
5542	2025	128.0
5544	2024	236.0
5544	2025	213.0
5546	2024	67.0
5546	2025	75.0
5601	2024	795.0
5601	2025	809.0
5603	2024	501.0
5603	2025	543.0
5605	2024	383.0
5605	2025	386.0
5607	2024	303.0
5607	2025	233.0
5610	2024	97.0
5610	2025	132.0
5612	2024	97.0
5612	2025	113.0
5614	2024	57.0
5614	2025	53.0
5616	2024	49.0
5616	2025	56.0
5618	2024	37.0
5618	2025	51.0
5620	2024	154.0
5620	2025	151.0
5622	2024	223.0
5622	2025	209.0
5624	2024	66.0
5624	2025	65.0
5626	2024	33.0
5626	2025	48.0
5628	2024	143.0
5628	2025	153.0
5630	2024	44.0
5630	2025	47.0
5632	2024	83.0
5632	2025	86.0
5634	2024	114.0
5634	2025	112.0
5636	2024	53.0
5636	2025	49.0
5401	2020	3132.0
5401	2021	3206.0
5401	2022	3181.0
5401	2023	3372.0
5402	2020	970.0
5402	2021	959.0
5402	2022	1037.0
5402	2023	1071.0
5403	2020	720.0
5403	2021	835.0
5403	2022	836.0
5403	2023	910.0
5404	2020	71.0
5404	2021	96.0
5404	2022	136.0
5404	2023	148.0
5405	2020	225.0
5405	2021	222.0
5405	2022	222.0
5405	2023	327.0
5406	2020	393.0
5406	2021	508.0
5406	2022	495.0
5406	2023	550.0
5411	2020	168.0
5411	2021	148.0
5411	2022	155.0
5411	2023	160.0
5412	2020	183.0
5412	2021	220.0
5412	2022	225.0
5412	2023	224.0
5413	2020	38.0
5413	2021	54.0
5413	2022	71.0
5413	2023	91.0
5414	2020	60.0
5414	2021	59.0
5414	2022	62.0
5414	2023	57.0
5415	2020	17.0
5415	2021	25.0
5415	2022	47.0
5415	2023	48.0
5416	2020	279.0
5416	2021	328.0
5416	2022	279.0
5416	2023	300.0
5417	2020	82.0
5417	2021	81.0
5417	2022	92.0
5417	2023	77.0
5418	2020	430.0
5418	2021	490.0
5418	2022	454.0
5418	2023	446.0
5419	2020	186.0
5419	2021	186.0
5419	2022	197.0
5419	2023	242.0
5420	2020	52.0
5420	2021	65.0
5420	2022	56.0
5420	2023	66.0
5421	2020	511.0
5421	2021	632.0
5421	2022	636.0
5421	2023	665.0
5422	2020	239.0
5422	2021	225.0
5422	2022	226.0
5422	2023	313.0
5423	2020	100.0
5423	2021	120.0
5423	2022	93.0
5423	2023	156.0
5424	2020	106.0
5424	2021	108.0
5424	2022	102.0
5424	2023	137.0
5425	2020	72.0
5425	2021	107.0
5425	2022	76.0
5425	2023	72.0
5426	2020	96.0
5426	2021	70.0
5426	2022	74.0
5426	2023	62.0
5427	2020	93.0
5427	2021	100.0
5427	2022	125.0
5427	2023	156.0
5428	2020	162.0
5428	2021	167.0
5428	2022	200.0
5428	2023	224.0
5429	2020	61.0
5429	2021	57.0
5429	2022	44.0
5429	2023	104.0
5430	2020	100.0
5430	2021	101.0
5430	2022	108.0
5430	2023	89.0
5432	2020	65.0
5432	2021	49.0
5432	2022	68.0
5432	2023	59.0
5433	2020	45.0
5433	2021	37.0
5433	2022	55.0
5433	2023	52.0
5434	2020	60.0
5434	2021	39.0
5434	2022	52.0
5434	2023	59.0
5435	2020	94.0
5435	2021	105.0
5435	2022	139.0
5435	2023	169.0
5436	2020	185.0
5436	2021	187.0
5436	2022	166.0
5436	2023	177.0
5437	2020	118.0
5437	2021	122.0
5437	2022	93.0
5437	2023	125.0
5438	2020	58.0
5438	2021	57.0
5438	2022	56.0
5438	2023	48.0
5439	2020	37.0
5439	2021	53.0
5439	2022	65.0
5439	2023	57.0
5440	2020	28.0
5440	2021	38.0
5440	2022	51.0
5440	2023	50.0
5441	2020	120.0
5441	2021	142.0
5441	2022	127.0
5441	2023	150.0
5442	2020	40.0
5442	2021	31.0
5442	2022	50.0
5442	2023	57.0
5443	2020	57.0
5443	2021	73.0
5443	2022	65.0
5443	2023	83.0
5444	2020	394.0
5444	2021	372.0
5444	2022	378.0
5444	2023	476.0
1901	2011	952.0
1901	2012	879.0
1902	2011	2699.0
1902	2012	2859.0
1902	2013	2798.0
1902	2014	2887.0
1902	2015	2893.0
1902	2016	3014.0
1902	2017	3117.0
1902	2018	3084.0
1902	2019	2930.0
1903	2013	961.0
1903	2014	965.0
1903	2015	863.0
1903	2016	943.0
1903	2017	963.0
1903	2018	929.0
1903	2019	906.0
1911	2011	136.0
1911	2012	172.0
1911	2013	158.0
1911	2014	143.0
1911	2015	178.0
1911	2016	151.0
1911	2017	148.0
1911	2018	138.0
1911	2019	152.0
1913	2011	158.0
1913	2012	130.0
1913	2013	178.0
1913	2014	168.0
1913	2015	165.0
1913	2016	155.0
1913	2017	102.0
1913	2018	158.0
1913	2019	149.0
1915	2011	15.0
1915	2012	18.0
1917	2011	57.0
1917	2012	57.0
1917	2013	69.0
1917	2014	54.0
1917	2015	60.0
1917	2016	46.0
1917	2017	66.0
1917	2018	63.0
1917	2019	55.0
1919	2011	56.0
1919	2012	47.0
1919	2013	54.0
1919	2014	48.0
1919	2015	45.0
1919	2016	35.0
1919	2017	62.0
1919	2018	59.0
1919	2019	60.0
1920	2011	48.0
1920	2012	35.0
1920	2013	43.0
1920	2014	33.0
1920	2015	74.0
1920	2016	51.0
1920	2017	39.0
1920	2018	31.0
1920	2019	24.0
1922	2011	149.0
1922	2012	271.0
1922	2013	268.0
1922	2014	363.0
1922	2015	265.0
1922	2016	265.0
1922	2017	269.0
1922	2018	341.0
1922	2019	253.0
1923	2011	95.0
1923	2012	99.0
1923	2013	99.0
1923	2014	76.0
1923	2015	109.0
1923	2016	90.0
1923	2017	104.0
1923	2018	85.0
1923	2019	97.0
1924	2011	339.0
1924	2012	381.0
1924	2013	377.0
1924	2014	408.0
1924	2015	424.0
1924	2016	397.0
1924	2017	458.0
1924	2018	394.0
1924	2019	347.0
1925	2011	141.0
1925	2012	161.0
1925	2013	176.0
1925	2014	159.0
1925	2015	153.0
1925	2016	159.0
1925	2017	158.0
1925	2018	146.0
1925	2019	162.0
1926	2011	50.0
1926	2012	48.0
1926	2013	36.0
1926	2014	49.0
1926	2015	57.0
1926	2016	54.0
1926	2017	56.0
1926	2018	42.0
1926	2019	36.0
1927	2011	72.0
1927	2012	72.0
1927	2013	71.0
1927	2014	111.0
1927	2015	78.0
1927	2016	91.0
1927	2017	79.0
1927	2018	75.0
1927	2019	66.0
1928	2011	32.0
1928	2012	39.0
1928	2013	41.0
1928	2014	53.0
1928	2015	54.0
1928	2016	34.0
1928	2017	56.0
1928	2018	29.0
1928	2019	39.0
1929	2011	37.0
1929	2012	65.0
1929	2013	53.0
1929	2014	50.0
1929	2015	43.0
1929	2016	42.0
1929	2017	29.0
1929	2018	43.0
1929	2019	20.0
1931	2011	414.0
1931	2012	446.0
1931	2013	449.0
1931	2014	419.0
1931	2015	501.0
1931	2016	417.0
1931	2017	431.0
1931	2018	471.0
1931	2019	459.0
1933	2011	201.0
1933	2012	205.0
1933	2013	231.0
1933	2014	280.0
1933	2015	247.0
1933	2016	208.0
1933	2017	221.0
1933	2018	216.0
1933	2019	237.0
1936	2011	131.0
1936	2012	89.0
1936	2013	105.0
1936	2014	98.0
1936	2015	110.0
1936	2016	111.0
1936	2017	116.0
1936	2018	122.0
1936	2019	81.0
1938	2011	73.0
1938	2012	101.0
1938	2013	96.0
1938	2014	83.0
1938	2015	84.0
1938	2016	130.0
1938	2017	105.0
1938	2018	76.0
1938	2019	79.0
1939	2011	91.0
1939	2012	87.0
1939	2013	76.0
1939	2014	79.0
1939	2015	79.0
1939	2016	70.0
1939	2017	64.0
1939	2018	91.0
1939	2019	81.0
1940	2011	76.0
1940	2012	85.0
1940	2013	75.0
1940	2014	68.0
1940	2015	80.0
1940	2016	86.0
1940	2017	74.0
1940	2018	72.0
1940	2019	57.0
1941	2011	103.0
1941	2012	94.0
1941	2013	78.0
1941	2014	98.0
1941	2015	102.0
1941	2016	90.0
1941	2017	102.0
1941	2018	92.0
1941	2019	76.0
1942	2011	173.0
1942	2012	195.0
1942	2013	189.0
1942	2014	179.0
1942	2015	214.0
1942	2016	210.0
1942	2017	199.0
1942	2018	193.0
1942	2019	194.0
1943	2011	54.0
1943	2012	37.0
1943	2013	53.0
1943	2014	47.0
1943	2015	58.0
1943	2016	47.0
1943	2017	49.0
1943	2018	55.0
1943	2019	60.0
2002	2011	110.0
2002	2012	78.0
2002	2013	83.0
2002	2014	73.0
2002	2015	76.0
2002	2016	77.0
2002	2017	92.0
2002	2018	90.0
2002	2019	76.0
2003	2011	255.0
2003	2012	229.0
2003	2013	211.0
2003	2014	261.0
2003	2015	218.0
2003	2016	250.0
2003	2017	217.0
2003	2018	203.0
2003	2019	250.0
2004	2011	452.0
2004	2012	495.0
2004	2013	512.0
2004	2014	453.0
2004	2015	513.0
2004	2016	501.0
2004	2017	446.0
2004	2018	424.0
2004	2019	426.0
2011	2011	73.0
2011	2012	70.0
2011	2013	97.0
2011	2014	95.0
2011	2015	93.0
2011	2016	111.0
2011	2017	93.0
2011	2018	82.0
2011	2019	94.0
2012	2011	720.0
2012	2012	787.0
2012	2013	726.0
2012	2014	619.0
2012	2015	806.0
2012	2016	797.0
2012	2017	716.0
2012	2018	650.0
2012	2019	741.0
2014	2011	46.0
2014	2012	38.0
2014	2013	37.0
2014	2014	32.0
2014	2015	27.0
2014	2016	53.0
2014	2017	38.0
2014	2018	32.0
2014	2019	63.0
2015	2011	48.0
2015	2012	42.0
2015	2013	75.0
2015	2014	62.0
2015	2015	51.0
2015	2016	44.0
2015	2017	35.0
2015	2018	65.0
2015	2019	45.0
2017	2011	76.0
2017	2012	98.0
2017	2013	83.0
2017	2014	84.0
2017	2015	63.0
2017	2016	69.0
2017	2017	75.0
2017	2018	40.0
2017	2019	60.0
2018	2011	47.0
2018	2012	45.0
2018	2013	48.0
2018	2014	44.0
2018	2015	38.0
2018	2016	62.0
2018	2017	76.0
2018	2018	79.0
2018	2019	70.0
2019	2011	125.0
2019	2012	121.0
2019	2013	129.0
2019	2014	173.0
2019	2015	127.0
2019	2016	142.0
2019	2017	107.0
2019	2018	163.0
2019	2019	124.0
2020	2011	180.0
2020	2012	206.0
2020	2013	175.0
2020	2014	174.0
2020	2015	207.0
2020	2016	169.0
2020	2017	153.0
2020	2018	148.0
2020	2019	215.0
2021	2011	133.0
2021	2012	88.0
2021	2013	108.0
2021	2014	104.0
2021	2015	104.0
2021	2016	115.0
2021	2017	108.0
2021	2018	80.0
2021	2019	87.0
2022	2011	74.0
2022	2012	67.0
2022	2013	58.0
2022	2014	57.0
2022	2015	53.0
2022	2016	76.0
2022	2017	71.0
2022	2018	59.0
2022	2019	59.0
2023	2011	36.0
2023	2012	63.0
2023	2013	51.0
2023	2014	51.0
2023	2015	45.0
2023	2016	39.0
2023	2017	69.0
2023	2018	68.0
2023	2019	54.0
2024	2011	27.0
2024	2012	35.0
2024	2013	50.0
2024	2014	30.0
2024	2015	44.0
2024	2016	40.0
2024	2017	56.0
2024	2018	38.0
2024	2019	29.0
2025	2011	111.0
2025	2012	114.0
2025	2013	99.0
2025	2014	135.0
2025	2015	137.0
2025	2016	125.0
2025	2017	163.0
2025	2018	123.0
2025	2019	147.0
2027	2011	46.0
2027	2012	33.0
2027	2013	51.0
2027	2014	56.0
2027	2015	53.0
2027	2016	52.0
2027	2017	42.0
2027	2018	54.0
2027	2019	39.0
2028	2011	84.0
2028	2012	68.0
2028	2013	76.0
2028	2014	68.0
2028	2015	83.0
2028	2016	89.0
2028	2017	67.0
2028	2018	63.0
2028	2019	54.0
2030	2011	415.0
2030	2012	429.0
2030	2013	393.0
2030	2014	420.0
2030	2015	365.0
2030	2016	361.0
2030	2017	357.0
2030	2018	391.0
2030	2019	358.0
